{"content":[{"id":"58c7b0d4","settings":{"background_background":"classic","background_color":"#0E0E0E","background_image":{"id":845,"url":"https:\/\/produtosfinch.com\/wp-content\/uploads\/2021\/11\/bg-top.png"},"background_position":"center left","background_attachment":"fixed","background_repeat":"no-repeat","background_size":"cover","eae_slider_delay":"5000","gradient_color_list":[{"eae_animated_gradient_color":"#00a6d8","_id":"9cfbd45"},{"eae_animated_gradient_color":"#b800c9","_id":"4464980"},{"eae_animated_gradient_color":"#e57600","_id":"9951ec8"}],"background_overlay_background":"classic","margin":{"unit":"px","top":"0","right":0,"bottom":"0","left":0,"isLinked":true},"padding":{"unit":"px","top":"0","right":"0","bottom":"50","left":"0","isLinked":false},"z_index":0,"background_overlay_opacity":{"unit":"px","size":0.23999999999999999,"sizes":[]},"background_overlay_color":"#10152F"},"elements":[{"id":"1b747dbb","settings":{"_column_size":100,"_inline_size":null,"eae_slider_delay":"5000","gradient_color_list":[{"eae_animated_gradient_color":"#00a6d8","_id":"ea2298f"},{"eae_animated_gradient_color":"#b800c9","_id":"6db0d33"},{"eae_animated_gradient_color":"#e57600","_id":"c120188"}]},"elements":[{"id":"8fd39c","settings":{"content_width":{"unit":"px","size":900,"sizes":[]},"eae_slider_delay":"5000","gradient_color_list":[{"eae_animated_gradient_color":"#00a6d8","_id":"05d1a57"},{"eae_animated_gradient_color":"#b800c9","_id":"2fb36a9"},{"eae_animated_gradient_color":"#e57600","_id":"6366269"}],"margin":{"unit":"px","top":"0","right":0,"bottom":"0","left":0,"isLinked":true},"padding":{"unit":"px","top":"0","right":"0","bottom":"0","left":"0","isLinked":true}},"elements":[{"id":"1fedcc62","settings":{"_column_size":100,"_inline_size":null,"eae_slider_delay":"5000","gradient_color_list":[{"eae_animated_gradient_color":"#00a6d8","_id":"55c42ca"},{"eae_animated_gradient_color":"#b800c9","_id":"c31dd38"},{"eae_animated_gradient_color":"#e57600","_id":"7a2fc5d"}]},"elements":[{"id":"8eabc37","settings":{"image":{"id":838,"url":"https:\/\/produtosfinch.com\/wp-content\/uploads\/2021\/11\/ultrasecreto.png"},"_margin":{"unit":"px","top":"40","right":"0","bottom":"0","left":"0","isLinked":false},"width_mobile":{"unit":"%","size":71,"sizes":[]}},"elements":[],"isInner":false,"widgetType":"image","elType":"widget"},{"id":"6dd10d39","settings":{"title":"USE ESSAS 12 PALAVRAS E QUALQUER HOMEM CAIR\u00c1 AO SEUS P\u00c9S","header_size":"h1","align":"center","title_color":"#FFFFFF","typography_typography":"custom","typography_font_family":"Montserrat","typography_font_size":{"unit":"px","size":38,"sizes":[]},"typography_font_weight":"500","typography_text_transform":"uppercase","typography_line_height":{"unit":"em","size":1.2,"sizes":[]},"typography_letter_spacing":{"unit":"px","size":0,"sizes":[]},"typography_font_size_mobile":{"unit":"px","size":23,"sizes":[]},"_margin":{"unit":"px","top":"10","right":"50","bottom":"0","left":"50","isLinked":false},"_margin_mobile":{"unit":"px","top":"0","right":"10","bottom":"0","left":"10","isLinked":false}},"elements":[],"isInner":false,"widgetType":"heading","elType":"widget"}],"isInner":true,"elType":"column"}],"isInner":true,"elType":"section"},{"id":"4d57865e","settings":{"content_width":{"unit":"px","size":820,"sizes":[]},"eae_slider_delay":"5000","gradient_color_list":[{"eae_animated_gradient_color":"#00a6d8","_id":"0be33ea"},{"eae_animated_gradient_color":"#b800c9","_id":"b5e852b"},{"eae_animated_gradient_color":"#e57600","_id":"b8865c0"}],"margin":{"unit":"px","top":"5","right":0,"bottom":"0","left":0,"isLinked":false},"padding":{"unit":"px","top":"0","right":"0","bottom":"0","left":"0","isLinked":true}},"elements":[{"id":"7435968a","settings":{"_column_size":100,"_inline_size":null,"eae_slider_delay":"5000","gradient_color_list":[{"eae_animated_gradient_color":"#00a6d8","_id":"b71d9a4"},{"eae_animated_gradient_color":"#b800c9","_id":"2b7471b"},{"eae_animated_gradient_color":"#e57600","_id":"a625447"}],"align":"center"},"elements":[{"id":"31908f10","settings":{"image":{"id":840,"url":"https:\/\/produtosfinch.com\/wp-content\/uploads\/2021\/11\/audio-1.png"},"_margin":{"unit":"px","top":"0","right":"10","bottom":"0","left":"0","isLinked":false},"_element_width":"auto"},"elements":[],"isInner":false,"widgetType":"image","elType":"widget"},{"id":"3f399a96","settings":{"html":"<div><div style=\"left: 0; width: 100%; height: 0; position: relative; padding-bottom: 56.25%;\"><figure style=\"left: 0; width: 100%; height: 0; position: relative; padding-bottom: 56.25%; margin-block-end: 0; margin-block-start: 0; margin-inline-start: 0; margin-inline-end: 0;\" ><iframe src=\"https:\/\/api.vadoo.tv\/iframe_test?id=mgudDO5fY0e12bBpyIsezfDGsJbBQmQh\" scrolling=\"no\" style=\"border: 0; top: 0; left: 0; width: 100%; height: 100%; position: absolute; overflow:hidden; border-radius: 5px;\" allowfullscreen=\"1\" allow=\"autoplay\"><\/iframe><\/figure><\/div><\/div>"},"elements":[],"isInner":false,"widgetType":"html","elType":"widget"},{"id":"58a0bea4","settings":{"title":"Por favor, verifique se o seu som est\u00e1 ligado!","align":"center","title_color":"#FFFFFF","typography_typography":"custom","typography_font_family":"Roboto","typography_font_size":{"unit":"px","size":13,"sizes":[]},"typography_font_size_mobile":{"unit":"px","size":8,"sizes":[]},"typography_font_weight":"500","typography_text_transform":"uppercase","typography_letter_spacing":{"unit":"px","size":0.5,"sizes":[]},"_margin":{"unit":"px","top":"5","right":"0","bottom":"0","left":"0","isLinked":false},"_margin_mobile":{"unit":"px","top":"6","right":"0","bottom":"0","left":"0","isLinked":false},"_padding":{"unit":"px","top":"0","right":"0","bottom":"0","left":"0","isLinked":false},"_element_width":"auto"},"elements":[],"isInner":false,"widgetType":"heading","elType":"widget"}],"isInner":true,"elType":"column"}],"isInner":true,"elType":"section"},{"id":"6012fa9d","settings":{"eae_slider_delay":"5000","gradient_color_list":[{"eae_animated_gradient_color":"#00a6d8","_id":"bf1bcc4"},{"eae_animated_gradient_color":"#b800c9","_id":"d5cd42f"},{"eae_animated_gradient_color":"#e57600","_id":"f2d6e93"}],"margin":{"unit":"px","top":"0","right":0,"bottom":"0","left":0,"isLinked":false},"padding":{"unit":"px","top":"0","right":"0","bottom":"0","left":"0","isLinked":true},"css_classes":"hide"},"elements":[{"id":"589e3988","settings":{"_column_size":100,"_inline_size":null,"align":"center","eae_slider_delay":"5000","gradient_color_list":[{"eae_animated_gradient_color":"#00a6d8","_id":"e965b4d"},{"eae_animated_gradient_color":"#b800c9","_id":"a4fd0e0"},{"eae_animated_gradient_color":"#e57600","_id":"811fab9"}]},"elements":[{"id":"73b76379","settings":{"text":"Quero acesso a Sedu\u00e7\u00e3o Secreta                         Agora","align":"center","size":"md","typography_typography":"custom","typography_font_family":"Open Sans","typography_font_size":{"unit":"px","size":15,"sizes":[]},"typography_font_size_mobile":{"unit":"px","size":12,"sizes":[]},"typography_font_weight":"700","typography_text_transform":"uppercase","typography_line_height_mobile":{"unit":"em","size":1.3,"sizes":[]},"typography_letter_spacing":{"unit":"px","size":0.80000000000000004,"sizes":[]},"background_color":"#FF007F","hover_animation":"grow","border_radius":{"unit":"px","top":"50","right":"50","bottom":"50","left":"50","isLinked":true},"text_padding":{"unit":"px","top":"22","right":"50","bottom":"20","left":"50","isLinked":false},"text_padding_mobile":{"unit":"px","top":"18","right":"16","bottom":"16","left":"16","isLinked":false},"_margin":{"unit":"px","top":"10","right":"0","bottom":"0","left":"0","isLinked":false},"_padding":{"unit":"px","top":"0","right":"0","bottom":"0","left":"0","isLinked":true},"link":{"url":"","is_external":"","nofollow":"","custom_attributes":""}},"elements":[],"isInner":false,"widgetType":"button","elType":"widget"},{"id":"8257213","settings":{"image":{"id":841,"url":"https:\/\/produtosfinch.com\/wp-content\/uploads\/2021\/11\/mastercard-1.png"},"width":{"unit":"%","size":70,"sizes":[]},"_margin":{"unit":"px","top":"0","right":"5","bottom":"0","left":"5","isLinked":false},"_padding":{"unit":"px","top":"5","right":"12","bottom":"5","left":"12","isLinked":false},"_padding_mobile":{"unit":"px","top":"4","right":"8","bottom":"4","left":"8","isLinked":false},"_background_background":"classic","_background_color":"#FFFFFF","_border_radius":{"unit":"px","top":"5","right":"5","bottom":"5","left":"5","isLinked":true},"_element_width":"auto"},"elements":[],"isInner":false,"widgetType":"image","elType":"widget"},{"id":"5213ff8f","settings":{"image":{"id":842,"url":"https:\/\/produtosfinch.com\/wp-content\/uploads\/2021\/11\/paypal-1.png"},"align":"center","width":{"unit":"%","size":80,"sizes":[]},"_margin":{"unit":"px","top":"0","right":"5","bottom":"0","left":"5","isLinked":false},"_padding":{"unit":"px","top":"5","right":"2","bottom":"5","left":"2","isLinked":false},"_padding_mobile":{"unit":"px","top":"4","right":"0","bottom":"4","left":"0","isLinked":false},"_background_background":"classic","_background_color":"#FFFFFF","_border_radius":{"unit":"px","top":"5","right":"5","bottom":"5","left":"5","isLinked":true},"_element_width":"auto"},"elements":[],"isInner":false,"widgetType":"image","elType":"widget"},{"id":"6bf29c88","settings":{"image":{"id":843,"url":"https:\/\/produtosfinch.com\/wp-content\/uploads\/2021\/11\/visa-1.png"},"align":"center","width":{"unit":"%","size":75,"sizes":[]},"_margin":{"unit":"px","top":"0","right":"5","bottom":"0","left":"5","isLinked":false},"_padding":{"unit":"px","top":"5","right":"5","bottom":"5","left":"5","isLinked":true},"_padding_mobile":{"unit":"px","top":"4","right":"2","bottom":"4","left":"2","isLinked":false},"_background_background":"classic","_background_color":"#FFFFFF","_border_radius":{"unit":"px","top":"5","right":"5","bottom":"5","left":"5","isLinked":true},"_element_width":"auto"},"elements":[],"isInner":false,"widgetType":"image","elType":"widget"},{"id":"749eb956","settings":{"image":{"id":844,"url":"https:\/\/produtosfinch.com\/wp-content\/uploads\/2021\/11\/american-1.png"},"align":"center","width":{"unit":"%","size":85,"sizes":[]},"_margin":{"unit":"px","top":"0","right":"5","bottom":"0","left":"5","isLinked":false},"_padding":{"unit":"px","top":"5","right":"5","bottom":"5","left":"5","isLinked":false},"_padding_mobile":{"unit":"px","top":"4","right":"2","bottom":"4","left":"2","isLinked":false},"_background_background":"classic","_background_color":"#FFFFFF","_border_radius":{"unit":"px","top":"5","right":"5","bottom":"5","left":"5","isLinked":true},"_element_width":"auto"},"elements":[],"isInner":false,"widgetType":"image","elType":"widget"}],"isInner":true,"elType":"column"}],"isInner":true,"elType":"section"},{"id":"178f8e53","settings":{"eae_slider_delay":"5000","gradient_color_list":[{"eae_animated_gradient_color":"#00a6d8","_id":"bf1bcc4"},{"eae_animated_gradient_color":"#b800c9","_id":"d5cd42f"},{"eae_animated_gradient_color":"#e57600","_id":"f2d6e93"}],"margin":{"unit":"px","top":"20","right":0,"bottom":"0","left":0,"isLinked":false},"padding":{"unit":"px","top":"0","right":"0","bottom":"0","left":"0","isLinked":true},"css_classes":"boxButton","content_width":{"unit":"px","size":500,"sizes":[]},"background_background":"classic"},"elements":[{"id":"12e0e76f","settings":{"_column_size":100,"_inline_size":null,"align":"center","eae_slider_delay":"5000","gradient_color_list":[{"eae_animated_gradient_color":"#00a6d8","_id":"e965b4d"},{"eae_animated_gradient_color":"#b800c9","_id":"a4fd0e0"},{"eae_animated_gradient_color":"#e57600","_id":"811fab9"}]},"elements":[{"id":"7de13876","settings":{"editor":"<p><strong><span style=\"color: #ffffff;\">Este site n\u00e3o \u00e9 afiliado ao Facebook ou a qualquer entidade do Facebook.<\/span><\/strong> Depois que voc\u00ea sair do Facebook, a responsabilidade n\u00e3o \u00e9 deles e sim do nosso site.\u00a0<\/p>","align":"center","text_color":"#A4A4A4","typography_typography":"custom","typography_font_family":"Roboto","typography_font_size":{"unit":"px","size":14,"sizes":[]},"typography_font_weight":"400","typography_letter_spacing":{"unit":"px","size":0.5,"sizes":[]},"_margin":{"unit":"px","top":"35","right":"0","bottom":"0","left":"0","isLinked":false}},"elements":[],"isInner":false,"widgetType":"text-editor","elType":"widget"}],"isInner":true,"elType":"column"}],"isInner":true,"elType":"section"}],"isInner":false,"elType":"column"}],"isInner":false,"elType":"section"},{"id":"6d8490e8","settings":{"content_width":{"unit":"px","size":1000,"sizes":[]},"background_background":"classic","background_color":"#10152F","eae_slider_delay":"5000","gradient_color_list":[{"eae_animated_gradient_color":"#00a6d8","_id":"e03baa1"},{"eae_animated_gradient_color":"#b800c9","_id":"16db610"},{"eae_animated_gradient_color":"#e57600","_id":"4262796"}],"margin":{"unit":"px","top":"0","right":0,"bottom":"0","left":0,"isLinked":true},"padding":{"unit":"px","top":"0","right":"0","bottom":"60","left":"0","isLinked":false},"background_overlay_background":"classic","box_shadow_box_shadow_type":"yes","box_shadow_box_shadow":{"horizontal":-100,"vertical":-100,"blur":58,"spread":-52,"color":"#10152F"},"css_classes":"hide"},"elements":[{"id":"7df8c4de","settings":{"_column_size":100,"_inline_size":null,"eae_slider_delay":"5000","gradient_color_list":[{"eae_animated_gradient_color":"#00a6d8","_id":"2a319f3"},{"eae_animated_gradient_color":"#b800c9","_id":"1024d9c"},{"eae_animated_gradient_color":"#e57600","_id":"c9e3a3e"}]},"elements":[{"id":"168d09da","settings":{"background_background":"classic","background_color":"#FFFFFF","eae_slider_delay":"5000","gradient_color_list":[{"eae_animated_gradient_color":"#00a6d8","_id":"6ee8b9e"},{"eae_animated_gradient_color":"#b800c9","_id":"602ce45"},{"eae_animated_gradient_color":"#e57600","_id":"c426959"}],"border_radius":{"unit":"px","top":"15","right":"15","bottom":"0","left":"00","isLinked":false},"margin":{"unit":"px","top":"0","right":0,"bottom":"0","left":0,"isLinked":false},"padding":{"unit":"px","top":"0","right":"25","bottom":"0","left":"25","isLinked":false}},"elements":[{"id":"75ca51be","settings":{"_column_size":100,"_inline_size":null,"eae_slider_delay":"5000","gradient_color_list":[{"eae_animated_gradient_color":"#00a6d8","_id":"f57c9b4"},{"eae_animated_gradient_color":"#b800c9","_id":"e6ee284"},{"eae_animated_gradient_color":"#e57600","_id":"5b4bb00"}]},"elements":[{"id":"62a9e983","settings":{"title":"24 Coment\u00e1rios","header_size":"h4","title_color":"#686868","typography_typography":"custom","typography_font_family":"Roboto","typography_font_size":{"unit":"px","size":14,"sizes":[]},"typography_font_weight":"500","typography_letter_spacing":{"unit":"px","size":0.5,"sizes":[]},"_margin":{"unit":"px","top":"15","right":"0","bottom":"0","left":"0","isLinked":false}},"elements":[],"isInner":false,"widgetType":"heading","elType":"widget"},{"id":"17675efd","settings":{"text":"Divis\u00f3ria","color":"#CFCFCF","gap":{"unit":"px","size":2,"sizes":[]},"_margin":{"unit":"px","top":"00","right":"0","bottom":"0","left":"0","isLinked":false},"_padding":{"unit":"px","top":"0","right":"0","bottom":"0","left":"0","isLinked":false}},"elements":[],"isInner":false,"widgetType":"divider","elType":"widget"}],"isInner":true,"elType":"column"}],"isInner":true,"elType":"section"},{"id":"36a7232d","settings":{"gap":"no","background_background":"classic","background_color":"#FFFFFF","eae_slider_delay":"5000","gradient_color_list":[{"eae_animated_gradient_color":"#00a6d8","_id":"c33008c"},{"eae_animated_gradient_color":"#b800c9","_id":"c022f12"},{"eae_animated_gradient_color":"#e57600","_id":"f04b0de"}],"padding":{"unit":"px","top":"10","right":"25","bottom":"0","left":"25","isLinked":false},"padding_mobile":{"unit":"px","top":"0","right":"0","bottom":"0","left":"0","isLinked":false}},"elements":[{"id":"23e37960","settings":{"_column_size":100,"_inline_size":null,"_inline_size_tablet":100,"eae_slider_delay":"5000","gradient_color_list":[{"eae_animated_gradient_color":"#00a6d8","_id":"aee5d1e"},{"eae_animated_gradient_color":"#b800c9","_id":"f966b28"},{"eae_animated_gradient_color":"#e57600","_id":"072a2ca"}],"css_classes":"ss-coment-block"},"elements":[{"id":"288a5992","settings":{"image":{"id":846,"url":"https:\/\/produtosfinch.com\/wp-content\/uploads\/2021\/11\/1.jpg"},"align":"center","width":{"unit":"%","size":55,"sizes":[]},"_element_width":"auto","_element_width_tablet":"auto","_element_width_mobile":"auto"},"elements":[],"isInner":false,"widgetType":"image","elType":"widget"},{"id":"185531fa","settings":{"editor":"<p><strong><span style=\"color: #365899;\">Luciana disse:\u200b<\/span><\/strong><\/p><p>Feliiiz demais!!! Obrigada Henrique, achava que o Guia n ia funcionar pq j\u00e1 tinha feito de td pro meu namorado voltar, mas msmo assim quis tentar e olha agora parece que \u00e9 nosso primeiro m\u00eas de namoro todo dia\u00a0<img class=\"emoji\" role=\"img\" draggable=\"false\" src=\"https:\/\/s.w.org\/images\/core\/emoji\/13.0.0\/svg\/1f60d.svg\" alt=\"\ud83d\ude0d\" \/><img class=\"emoji\" role=\"img\" draggable=\"false\" src=\"https:\/\/s.w.org\/images\/core\/emoji\/13.0.0\/svg\/1f60d.svg\" alt=\"\ud83d\ude0d\" \/><img class=\"emoji\" role=\"img\" draggable=\"false\" src=\"https:\/\/s.w.org\/images\/core\/emoji\/13.0.0\/svg\/1f60d.svg\" alt=\"\ud83d\ude0d\" \/>\u200b<\/p>","text_color":"#5C5C5C","typography_typography":"custom","typography_font_family":"Roboto","typography_font_size":{"unit":"px","size":14,"sizes":[]},"typography_font_weight":"400","_margin":{"unit":"px","top":"0","right":"0","bottom":"0","left":"-11","isLinked":false},"_element_width":"initial","_element_width_tablet":"initial","_element_width_mobile":"initial","_element_custom_width":{"unit":"%","size":85,"sizes":[]},"_element_custom_width_tablet":{"unit":"%","size":84},"_element_custom_width_mobile":{"unit":"%","size":65,"sizes":[]}},"elements":[],"isInner":false,"widgetType":"text-editor","elType":"widget"},{"id":"4bf5c301","settings":{"editor":"<p>Responder \u00b7 Curtir \u00b7 Seguir \u00b7 3 min<\/p>","text_color":"#7A7A7A","_margin":{"unit":"px","top":"0","right":"0","bottom":"0","left":"22","isLinked":false},"typography_typography":"custom","typography_font_family":"Roboto","typography_font_size":{"unit":"px","size":10,"sizes":[]},"typography_font_weight":"400"},"elements":[],"isInner":false,"widgetType":"text-editor","elType":"widget"}],"isInner":true,"elType":"column"}],"isInner":true,"elType":"section"},{"id":"f08e3d3","settings":{"gap":"no","background_background":"classic","background_color":"#FFFFFF","eae_slider_delay":"5000","gradient_color_list":[{"eae_animated_gradient_color":"#00a6d8","_id":"c33008c"},{"eae_animated_gradient_color":"#b800c9","_id":"c022f12"},{"eae_animated_gradient_color":"#e57600","_id":"f04b0de"}],"margin_mobile":{"unit":"px","top":"0","right":0,"bottom":"0","left":0,"isLinked":false},"padding":{"unit":"px","top":"10","right":"25","bottom":"0","left":"25","isLinked":false},"padding_mobile":{"unit":"px","top":"12","right":"0","bottom":"0","left":"0","isLinked":false}},"elements":[{"id":"40d6aa05","settings":{"_column_size":100,"_inline_size":null,"_inline_size_tablet":100,"eae_slider_delay":"5000","gradient_color_list":[{"eae_animated_gradient_color":"#00a6d8","_id":"aee5d1e"},{"eae_animated_gradient_color":"#b800c9","_id":"f966b28"},{"eae_animated_gradient_color":"#e57600","_id":"072a2ca"}],"css_classes":"ss-coment-block"},"elements":[{"id":"32378e09","settings":{"image":{"id":847,"url":"https:\/\/produtosfinch.com\/wp-content\/uploads\/2021\/11\/2.jpg"},"align":"center","width":{"unit":"%","size":55,"sizes":[]},"_element_width":"auto","_element_width_tablet":"auto","_element_width_mobile":"auto"},"elements":[],"isInner":false,"widgetType":"image","elType":"widget"},{"id":"13a49ff6","settings":{"editor":"<p><strong><span style=\"color: #365899;\">Larissa disse:<\/span><\/strong><\/p><p>Tava muito afim de um boy, mas vc sabe n\u00e9? Nunca quis mostrar que tinha uma queda por ele de forma direta!!! Ent\u00e3o n\u00e3o sabia o que fazer... Usei as 12 palavras e agora ele n\u00e3o paaaara de me chamar no whatsapp!!!\u00a0<img class=\"emoji\" role=\"img\" draggable=\"false\" src=\"https:\/\/s.w.org\/images\/core\/emoji\/13.0.0\/svg\/1f642.svg\" alt=\"\ud83d\ude42\" \/><\/p>","text_color":"#5C5C5C","typography_typography":"custom","typography_font_family":"Roboto","typography_font_size":{"unit":"px","size":14,"sizes":[]},"typography_font_weight":"400","_margin":{"unit":"px","top":"0","right":"0","bottom":"0","left":"-10","isLinked":false},"_element_width":"initial","_element_width_tablet":"initial","_element_width_mobile":"initial","_element_custom_width":{"unit":"%","size":85,"sizes":[]},"_element_custom_width_tablet":{"unit":"%","size":84},"_element_custom_width_mobile":{"unit":"%","size":65,"sizes":[]}},"elements":[],"isInner":false,"widgetType":"text-editor","elType":"widget"},{"id":"5bcd7c68","settings":{"editor":"<p>Responder \u00b7 Curtir \u00b7 Seguir \u00b7 7 min<\/p>","text_color":"#7A7A7A","_margin":{"unit":"px","top":"0","right":"0","bottom":"0","left":"22","isLinked":false},"typography_typography":"custom","typography_font_family":"Roboto","typography_font_size":{"unit":"px","size":10,"sizes":[]},"typography_font_weight":"400"},"elements":[],"isInner":false,"widgetType":"text-editor","elType":"widget"}],"isInner":true,"elType":"column"}],"isInner":true,"elType":"section"},{"id":"54c7a16e","settings":{"gap":"no","background_background":"classic","background_color":"#FFFFFF","eae_slider_delay":"5000","gradient_color_list":[{"eae_animated_gradient_color":"#00a6d8","_id":"c33008c"},{"eae_animated_gradient_color":"#b800c9","_id":"c022f12"},{"eae_animated_gradient_color":"#e57600","_id":"f04b0de"}],"padding":{"unit":"px","top":"10","right":"25","bottom":"0","left":"25","isLinked":false},"padding_mobile":{"unit":"px","top":"012","right":"0","bottom":"0","left":"0","isLinked":false}},"elements":[{"id":"10dff15","settings":{"_column_size":100,"_inline_size":null,"_inline_size_tablet":100,"eae_slider_delay":"5000","gradient_color_list":[{"eae_animated_gradient_color":"#00a6d8","_id":"aee5d1e"},{"eae_animated_gradient_color":"#b800c9","_id":"f966b28"},{"eae_animated_gradient_color":"#e57600","_id":"072a2ca"}],"css_classes":"ss-coment-block"},"elements":[{"id":"32a33ae8","settings":{"image":{"id":848,"url":"https:\/\/produtosfinch.com\/wp-content\/uploads\/2021\/11\/3.jpg"},"align":"center","width":{"unit":"%","size":55,"sizes":[]},"_element_width":"auto","_element_width_tablet":"auto","_element_width_mobile":"auto"},"elements":[],"isInner":false,"widgetType":"image","elType":"widget"},{"id":"18aeeb","settings":{"editor":"<p><strong><span style=\"color: #365899;\">Neusa disse:<\/span><\/strong><\/p><p>T\u00f4 de cara com esse guia! N sabia que realmente ia funcionar, t\u00f4 naqueles 30 dias que vc flou e adivinha ele me ligou e olha que nem tava atendeno mais minhas liga\u00e7\u00f5es!!!<\/p>","text_color":"#5C5C5C","typography_typography":"custom","typography_font_family":"Roboto","typography_font_size":{"unit":"px","size":14,"sizes":[]},"typography_font_weight":"400","_margin":{"unit":"px","top":"0","right":"0","bottom":"0","left":"-10","isLinked":false},"_element_width":"initial","_element_width_tablet":"initial","_element_width_mobile":"initial","_element_custom_width":{"unit":"%","size":85,"sizes":[]},"_element_custom_width_tablet":{"unit":"%","size":84},"_element_custom_width_mobile":{"unit":"%","size":65,"sizes":[]}},"elements":[],"isInner":false,"widgetType":"text-editor","elType":"widget"},{"id":"50215ab4","settings":{"editor":"<p>Responder \u00b7 Curtir \u00b7 Seguir \u00b7 12 min<\/p>","text_color":"#7A7A7A","_margin":{"unit":"px","top":"8","right":"0","bottom":"0","left":"22","isLinked":false},"typography_typography":"custom","typography_font_family":"Roboto","typography_font_size":{"unit":"px","size":10,"sizes":[]},"typography_font_weight":"400"},"elements":[],"isInner":false,"widgetType":"text-editor","elType":"widget"}],"isInner":true,"elType":"column"}],"isInner":true,"elType":"section"},{"id":"7f46e2d1","settings":{"gap":"no","background_background":"classic","background_color":"#FFFFFF","eae_slider_delay":"5000","gradient_color_list":[{"eae_animated_gradient_color":"#00a6d8","_id":"c33008c"},{"eae_animated_gradient_color":"#b800c9","_id":"c022f12"},{"eae_animated_gradient_color":"#e57600","_id":"f04b0de"}],"padding":{"unit":"px","top":"10","right":"25","bottom":"0","left":"25","isLinked":false},"padding_mobile":{"unit":"px","top":"12","right":"0","bottom":"0","left":"0","isLinked":false}},"elements":[{"id":"355231fa","settings":{"_column_size":100,"_inline_size":null,"_inline_size_tablet":100,"eae_slider_delay":"5000","gradient_color_list":[{"eae_animated_gradient_color":"#00a6d8","_id":"aee5d1e"},{"eae_animated_gradient_color":"#b800c9","_id":"f966b28"},{"eae_animated_gradient_color":"#e57600","_id":"072a2ca"}],"css_classes":"ss-coment-block"},"elements":[{"id":"2644a68a","settings":{"image":{"id":849,"url":"https:\/\/produtosfinch.com\/wp-content\/uploads\/2021\/11\/4.jpg"},"align":"center","width":{"unit":"%","size":55,"sizes":[]},"_element_width":"auto","_element_width_tablet":"auto","_element_width_mobile":"auto"},"elements":[],"isInner":false,"widgetType":"image","elType":"widget"},{"id":"27084998","settings":{"editor":"<p><strong><span style=\"color: #365899;\">Danielli disse:<\/span><\/strong><\/p><p>Eu realmente precisava desse guia, achei o bot\u00e3o pra fazer funcionar o amor de novo\u00a0<img class=\"emoji\" role=\"img\" draggable=\"false\" src=\"https:\/\/s.w.org\/images\/core\/emoji\/13.0.0\/svg\/1f600.svg\" alt=\"\ud83d\ude00\" \/>\u00a0ele j\u00e1 estava com outra e eu achei que n ia ter mais jeito, mas deu certo!!! Estamos de casamento marcado!<\/p>","text_color":"#5C5C5C","typography_typography":"custom","typography_font_family":"Roboto","typography_font_size":{"unit":"px","size":14,"sizes":[]},"typography_font_weight":"400","_margin":{"unit":"px","top":"0","right":"0","bottom":"0","left":"-10","isLinked":false},"_element_width":"initial","_element_width_tablet":"initial","_element_width_mobile":"initial","_element_custom_width":{"unit":"%","size":85,"sizes":[]},"_element_custom_width_tablet":{"unit":"%","size":84},"_element_custom_width_mobile":{"unit":"%","size":65,"sizes":[]}},"elements":[],"isInner":false,"widgetType":"text-editor","elType":"widget"},{"id":"2b56dc6d","settings":{"editor":"<p>Responder \u00b7 Curtir \u00b7 Seguir \u00b7 4 min<\/p>","text_color":"#7A7A7A","_margin":{"unit":"px","top":"0","right":"0","bottom":"0","left":"22","isLinked":false},"typography_typography":"custom","typography_font_family":"Roboto","typography_font_size":{"unit":"px","size":10,"sizes":[]},"typography_font_weight":"400"},"elements":[],"isInner":false,"widgetType":"text-editor","elType":"widget"}],"isInner":true,"elType":"column"}],"isInner":true,"elType":"section"},{"id":"24793ed6","settings":{"gap":"no","background_background":"classic","background_color":"#FFFFFF","eae_slider_delay":"5000","gradient_color_list":[{"eae_animated_gradient_color":"#00a6d8","_id":"c33008c"},{"eae_animated_gradient_color":"#b800c9","_id":"c022f12"},{"eae_animated_gradient_color":"#e57600","_id":"f04b0de"}],"padding":{"unit":"px","top":"10","right":"25","bottom":"0","left":"25","isLinked":false},"padding_mobile":{"unit":"px","top":"12","right":"0","bottom":"0","left":"0","isLinked":false}},"elements":[{"id":"4d4dba4f","settings":{"_column_size":100,"_inline_size":null,"_inline_size_tablet":100,"eae_slider_delay":"5000","gradient_color_list":[{"eae_animated_gradient_color":"#00a6d8","_id":"aee5d1e"},{"eae_animated_gradient_color":"#b800c9","_id":"f966b28"},{"eae_animated_gradient_color":"#e57600","_id":"072a2ca"}],"css_classes":"ss-coment-block"},"elements":[{"id":"48013306","settings":{"image":{"id":850,"url":"https:\/\/produtosfinch.com\/wp-content\/uploads\/2021\/11\/5.jpg"},"align":"center","width":{"unit":"%","size":55,"sizes":[]},"_element_width":"auto","_element_width_tablet":"auto","_element_width_mobile":"auto"},"elements":[],"isInner":false,"widgetType":"image","elType":"widget"},{"id":"16fdbe5a","settings":{"editor":"<p><strong><span style=\"color: #365899;\">Juliana disse:\u200b<\/span><\/strong><\/p><p>Henrique voc\u00ea devia vender esse guia por um milh\u00e3\u00e3\u00e3o ele funciona mesmo! Eu j\u00e1 tinha feito tudo que podia e j\u00e1 tava bloqueada no facebook dele, agora estamos de novo juntos e felizes! Vou seguir os passos e nunca mais vamos nos separar\u00a0<img class=\"emoji\" role=\"img\" draggable=\"false\" src=\"https:\/\/s.w.org\/images\/core\/emoji\/13.0.0\/svg\/1f600.svg\" alt=\"\ud83d\ude00\" \/><\/p>","text_color":"#5C5C5C","typography_typography":"custom","typography_font_family":"Roboto","typography_font_size":{"unit":"px","size":14,"sizes":[]},"typography_font_weight":"400","_margin":{"unit":"px","top":"0","right":"0","bottom":"0","left":"-10","isLinked":false},"_element_width":"initial","_element_width_tablet":"initial","_element_width_mobile":"initial","_element_custom_width":{"unit":"%","size":85,"sizes":[]},"_element_custom_width_tablet":{"unit":"%","size":84},"_element_custom_width_mobile":{"unit":"%","size":65,"sizes":[]}},"elements":[],"isInner":false,"widgetType":"text-editor","elType":"widget"},{"id":"7a79f14","settings":{"editor":"<p>Responder \u00b7 Curtir \u00b7 Seguir \u00b7 10 min<\/p>","text_color":"#7A7A7A","_margin":{"unit":"px","top":"0","right":"0","bottom":"0","left":"22","isLinked":false},"typography_typography":"custom","typography_font_family":"Roboto","typography_font_size":{"unit":"px","size":10,"sizes":[]},"typography_font_weight":"400"},"elements":[],"isInner":false,"widgetType":"text-editor","elType":"widget"}],"isInner":true,"elType":"column"}],"isInner":true,"elType":"section"},{"id":"1aa73f8e","settings":{"gap":"no","background_background":"classic","background_color":"#FFFFFF","eae_slider_delay":"5000","gradient_color_list":[{"eae_animated_gradient_color":"#00a6d8","_id":"c33008c"},{"eae_animated_gradient_color":"#b800c9","_id":"c022f12"},{"eae_animated_gradient_color":"#e57600","_id":"f04b0de"}],"padding":{"unit":"px","top":"10","right":"25","bottom":"0","left":"25","isLinked":false},"padding_mobile":{"unit":"px","top":"12","right":"0","bottom":"0","left":"0","isLinked":false}},"elements":[{"id":"446ba5cc","settings":{"_column_size":100,"_inline_size":null,"_inline_size_tablet":100,"eae_slider_delay":"5000","gradient_color_list":[{"eae_animated_gradient_color":"#00a6d8","_id":"aee5d1e"},{"eae_animated_gradient_color":"#b800c9","_id":"f966b28"},{"eae_animated_gradient_color":"#e57600","_id":"072a2ca"}],"css_classes":"ss-coment-block"},"elements":[{"id":"1a55d26d","settings":{"image":{"id":851,"url":"https:\/\/produtosfinch.com\/wp-content\/uploads\/2021\/11\/6.jpg"},"align":"center","width":{"unit":"%","size":55,"sizes":[]},"_element_width":"auto","_element_width_tablet":"auto","_element_width_mobile":"auto"},"elements":[],"isInner":false,"widgetType":"image","elType":"widget"},{"id":"22b695a3","settings":{"editor":"<p><strong><span style=\"color: #365899;\">Camila Silva disse:\u200b<\/span><\/strong><\/p><p>Minha vida agora ao lado do Sergio \u00e9 outra!!! Obrigada pelo guia Henrique\u2026 Deus te aben\u00e7oe.<\/p>","text_color":"#5C5C5C","typography_typography":"custom","typography_font_family":"Roboto","typography_font_size":{"unit":"px","size":14,"sizes":[]},"typography_font_weight":"400","_margin":{"unit":"px","top":"0","right":"0","bottom":"0","left":"-10","isLinked":false},"_element_width":"initial","_element_width_tablet":"initial","_element_width_mobile":"initial","_element_custom_width":{"unit":"%","size":85,"sizes":[]},"_element_custom_width_tablet":{"unit":"%","size":84},"_element_custom_width_mobile":{"unit":"%","size":65,"sizes":[]}},"elements":[],"isInner":false,"widgetType":"text-editor","elType":"widget"},{"id":"1fab15ee","settings":{"editor":"<p>Responder \u00b7 Curtir \u00b7 Seguir \u00b7 3 min<\/p>","text_color":"#7A7A7A","_margin":{"unit":"px","top":"0","right":"0","bottom":"0","left":"22","isLinked":false},"typography_typography":"custom","typography_font_family":"Roboto","typography_font_size":{"unit":"px","size":10,"sizes":[]},"typography_font_weight":"400"},"elements":[],"isInner":false,"widgetType":"text-editor","elType":"widget"}],"isInner":true,"elType":"column"}],"isInner":true,"elType":"section"},{"id":"7c004664","settings":{"gap":"no","background_background":"classic","background_color":"#FFFFFF","eae_slider_delay":"5000","gradient_color_list":[{"eae_animated_gradient_color":"#00a6d8","_id":"c33008c"},{"eae_animated_gradient_color":"#b800c9","_id":"c022f12"},{"eae_animated_gradient_color":"#e57600","_id":"f04b0de"}],"padding":{"unit":"px","top":"10","right":"25","bottom":"10","left":"25","isLinked":false},"padding_mobile":{"unit":"px","top":"12","right":"0","bottom":"0","left":"0","isLinked":false}},"elements":[{"id":"4c7828d0","settings":{"_column_size":100,"_inline_size":null,"_inline_size_tablet":100,"eae_slider_delay":"5000","gradient_color_list":[{"eae_animated_gradient_color":"#00a6d8","_id":"aee5d1e"},{"eae_animated_gradient_color":"#b800c9","_id":"f966b28"},{"eae_animated_gradient_color":"#e57600","_id":"072a2ca"}],"css_classes":"ss-coment-block"},"elements":[{"id":"7d91ad7d","settings":{"image":{"id":852,"url":"https:\/\/produtosfinch.com\/wp-content\/uploads\/2021\/11\/7.jpg"},"align":"center","width":{"unit":"%","size":55,"sizes":[]},"_element_width":"auto","_element_width_tablet":"auto","_element_width_mobile":"auto"},"elements":[],"isInner":false,"widgetType":"image","elType":"widget"},{"id":"1f98ad4a","settings":{"editor":"<p><strong><span style=\"color: #365899;\">Cristiane disse:\u200b<\/span><\/strong><\/p><p>J\u00e1 fazia dois anos que agente n estava mais junto e ele nem queria falar comigo\u2026 mas agora tudo passou come\u00e7amos de novo nossa vida juntos\u00a0<img class=\"emoji\" role=\"img\" draggable=\"false\" src=\"https:\/\/s.w.org\/images\/core\/emoji\/13.0.0\/svg\/1f642.svg\" alt=\"\ud83d\ude42\" \/>\u00a0brigado pelo guia \u00e9 perfeito!<\/p>","text_color":"#5C5C5C","typography_typography":"custom","typography_font_family":"Roboto","typography_font_size":{"unit":"px","size":14,"sizes":[]},"typography_font_weight":"400","_margin":{"unit":"px","top":"0","right":"0","bottom":"0","left":"-10","isLinked":false},"_element_width":"initial","_element_width_tablet":"initial","_element_width_mobile":"initial","_element_custom_width":{"unit":"%","size":85,"sizes":[]},"_element_custom_width_tablet":{"unit":"%","size":84},"_element_custom_width_mobile":{"unit":"%","size":65,"sizes":[]}},"elements":[],"isInner":false,"widgetType":"text-editor","elType":"widget"},{"id":"5edc952c","settings":{"editor":"<p>Responder \u00b7 Curtir \u00b7 Seguir \u00b7 15 min<\/p>","text_color":"#7A7A7A","_margin":{"unit":"px","top":"0","right":"0","bottom":"0","left":"22","isLinked":false},"typography_typography":"custom","typography_font_family":"Roboto","typography_font_size":{"unit":"px","size":10,"sizes":[]},"typography_font_weight":"400"},"elements":[],"isInner":false,"widgetType":"text-editor","elType":"widget"}],"isInner":true,"elType":"column"}],"isInner":true,"elType":"section"},{"id":"53accb5c","settings":{"gap":"no","background_background":"classic","background_color":"#FFFFFF","eae_slider_delay":"5000","gradient_color_list":[{"eae_animated_gradient_color":"#00a6d8","_id":"c33008c"},{"eae_animated_gradient_color":"#b800c9","_id":"c022f12"},{"eae_animated_gradient_color":"#e57600","_id":"f04b0de"}],"padding":{"unit":"px","top":"10","right":"25","bottom":"0","left":"25","isLinked":false},"padding_mobile":{"unit":"px","top":"12","right":"0","bottom":"0","left":"0","isLinked":false}},"elements":[{"id":"510b914d","settings":{"_column_size":100,"_inline_size":null,"_inline_size_tablet":100,"eae_slider_delay":"5000","gradient_color_list":[{"eae_animated_gradient_color":"#00a6d8","_id":"aee5d1e"},{"eae_animated_gradient_color":"#b800c9","_id":"f966b28"},{"eae_animated_gradient_color":"#e57600","_id":"072a2ca"}],"css_classes":"ss-coment-block"},"elements":[{"id":"7ead2187","settings":{"image":{"id":853,"url":"https:\/\/produtosfinch.com\/wp-content\/uploads\/2021\/11\/8.jpg"},"align":"center","width":{"unit":"%","size":55,"sizes":[]},"_element_width":"auto","_element_width_tablet":"auto","_element_width_mobile":"auto"},"elements":[],"isInner":false,"widgetType":"image","elType":"widget"},{"id":"69a401c5","settings":{"editor":"<p><strong><span style=\"color: #365899;\">Maria Carolina disse:\u200b<\/span><\/strong><\/p><p>Meu marido separou de mim j\u00e1 faz 6 meses ser\u00e1 que funciona?<\/p>","text_color":"#5C5C5C","typography_typography":"custom","typography_font_family":"Roboto","typography_font_size":{"unit":"px","size":14,"sizes":[]},"typography_font_weight":"400","_margin":{"unit":"px","top":"0","right":"0","bottom":"0","left":"-10","isLinked":false},"_element_width":"initial","_element_width_tablet":"initial","_element_width_mobile":"initial","_element_custom_width":{"unit":"%","size":85,"sizes":[]},"_element_custom_width_tablet":{"unit":"%","size":84},"_element_custom_width_mobile":{"unit":"%","size":65,"sizes":[]}},"elements":[],"isInner":false,"widgetType":"text-editor","elType":"widget"},{"id":"3991a724","settings":{"editor":"<p>Responder \u00b7 Curtir \u00b7 Seguir \u00b7 11 min<\/p>","text_color":"#7A7A7A","_margin":{"unit":"px","top":"0","right":"0","bottom":"0","left":"22","isLinked":false},"typography_typography":"custom","typography_font_family":"Roboto","typography_font_size":{"unit":"px","size":10,"sizes":[]},"typography_font_weight":"400"},"elements":[],"isInner":false,"widgetType":"text-editor","elType":"widget"}],"isInner":true,"elType":"column"}],"isInner":true,"elType":"section"},{"id":"7e31fb2d","settings":{"gap":"no","background_background":"classic","background_color":"#FFFFFF","eae_slider_delay":"5000","gradient_color_list":[{"eae_animated_gradient_color":"#00a6d8","_id":"c33008c"},{"eae_animated_gradient_color":"#b800c9","_id":"c022f12"},{"eae_animated_gradient_color":"#e57600","_id":"f04b0de"}],"padding":{"unit":"px","top":"10","right":"50","bottom":"0","left":"50","isLinked":false},"padding_mobile":{"unit":"px","top":"12","right":"15","bottom":"0","left":"15","isLinked":false}},"elements":[{"id":"214fe490","settings":{"_column_size":100,"_inline_size":null,"_inline_size_tablet":100,"eae_slider_delay":"5000","gradient_color_list":[{"eae_animated_gradient_color":"#00a6d8","_id":"aee5d1e"},{"eae_animated_gradient_color":"#b800c9","_id":"f966b28"},{"eae_animated_gradient_color":"#e57600","_id":"072a2ca"}],"css_classes":"ss-coment-block"},"elements":[{"id":"517801ca","settings":{"image":{"id":854,"url":"https:\/\/produtosfinch.com\/wp-content\/uploads\/2021\/11\/9.jpg"},"align":"center","width":{"unit":"%","size":55,"sizes":[]},"width_mobile":{"unit":"%","size":40,"sizes":[]},"_element_width":"auto","_element_width_tablet":"auto","_element_width_mobile":"auto"},"elements":[],"isInner":false,"widgetType":"image","elType":"widget"},{"id":"6d0ae8b1","settings":{"editor":"<p><strong><span style=\"color: #365899;\">Daniela disse:\u200b<\/span><\/strong><\/p><p>Faria eu j\u00e1 estava separada fazia quase dois anos e tava pensano em desistir. O guia foi minha \u00faltima tentativa que deu certo demais. Pode testar vc vai ver como funciona.\u200b<\/p>","text_color":"#5C5C5C","typography_typography":"custom","typography_font_family":"Roboto","typography_font_size":{"unit":"px","size":14,"sizes":[]},"typography_font_weight":"400","_margin":{"unit":"px","top":"0","right":"0","bottom":"0","left":"-10","isLinked":false},"_element_width":"initial","_element_width_tablet":"initial","_element_width_mobile":"initial","_element_custom_width":{"unit":"%","size":85,"sizes":[]},"_element_custom_width_tablet":{"unit":"%","size":84},"_element_custom_width_mobile":{"unit":"%","size":65,"sizes":[]}},"elements":[],"isInner":false,"widgetType":"text-editor","elType":"widget"},{"id":"d2c1756","settings":{"editor":"<p>Responder \u00b7 Curtir \u00b7 Seguir \u00b7 2 min<\/p>","text_color":"#7A7A7A","_margin":{"unit":"px","top":"0","right":"0","bottom":"0","left":"22","isLinked":false},"_margin_mobile":{"unit":"px","top":"8","right":"0","bottom":"0","left":"30","isLinked":false},"typography_typography":"custom","typography_font_family":"Roboto","typography_font_size":{"unit":"px","size":10,"sizes":[]},"typography_font_weight":"400"},"elements":[],"isInner":false,"widgetType":"text-editor","elType":"widget"}],"isInner":true,"elType":"column"}],"isInner":true,"elType":"section"},{"id":"4ea651c9","settings":{"gap":"no","background_background":"classic","background_color":"#FFFFFF","eae_slider_delay":"5000","gradient_color_list":[{"eae_animated_gradient_color":"#00a6d8","_id":"c33008c"},{"eae_animated_gradient_color":"#b800c9","_id":"c022f12"},{"eae_animated_gradient_color":"#e57600","_id":"f04b0de"}],"padding":{"unit":"px","top":"10","right":"50","bottom":"0","left":"50","isLinked":false},"padding_mobile":{"unit":"px","top":"12","right":"15","bottom":"0","left":"15","isLinked":false}},"elements":[{"id":"ece1d51","settings":{"_column_size":100,"_inline_size":null,"_inline_size_tablet":100,"eae_slider_delay":"5000","gradient_color_list":[{"eae_animated_gradient_color":"#00a6d8","_id":"aee5d1e"},{"eae_animated_gradient_color":"#b800c9","_id":"f966b28"},{"eae_animated_gradient_color":"#e57600","_id":"072a2ca"}],"css_classes":"ss-coment-block"},"elements":[{"id":"6b8e389e","settings":{"image":{"id":855,"url":"https:\/\/produtosfinch.com\/wp-content\/uploads\/2021\/11\/10.jpg"},"align":"center","width":{"unit":"%","size":55,"sizes":[]},"width_mobile":{"unit":"%","size":40,"sizes":[]},"_element_width":"auto","_element_width_tablet":"auto","_element_width_mobile":"auto"},"elements":[],"isInner":false,"widgetType":"image","elType":"widget"},{"id":"decbf6b","settings":{"editor":"<p><strong><span style=\"color: #365899;\">Janice disse:\u200b<\/span><\/strong><\/p><p>Maria eu n era casada mas morava junto com ele e brigamos muito at\u00e9 terminar. depois que li o guia descobri o que fazer e hoje estamos juntos de novo j\u00e1 faz 2 anos.\u200b<\/p>","text_color":"#5C5C5C","typography_typography":"custom","typography_font_family":"Roboto","typography_font_size":{"unit":"px","size":14,"sizes":[]},"typography_font_weight":"400","_margin":{"unit":"px","top":"0","right":"0","bottom":"0","left":"-10","isLinked":false},"_element_width":"initial","_element_width_tablet":"initial","_element_width_mobile":"initial","_element_custom_width":{"unit":"%","size":85,"sizes":[]},"_element_custom_width_tablet":{"unit":"%","size":84},"_element_custom_width_mobile":{"unit":"%","size":65,"sizes":[]}},"elements":[],"isInner":false,"widgetType":"text-editor","elType":"widget"},{"id":"3bc8c0be","settings":{"editor":"<p>Responder \u00b7 Curtir \u00b7 Seguir \u00b7 3 min<\/p>","text_color":"#7A7A7A","_margin":{"unit":"px","top":"0","right":"0","bottom":"0","left":"22","isLinked":false},"_margin_mobile":{"unit":"px","top":"8","right":"0","bottom":"0","left":"30","isLinked":false},"typography_typography":"custom","typography_font_family":"Roboto","typography_font_size":{"unit":"px","size":10,"sizes":[]},"typography_font_weight":"400"},"elements":[],"isInner":false,"widgetType":"text-editor","elType":"widget"}],"isInner":true,"elType":"column"}],"isInner":true,"elType":"section"},{"id":"6d58ee6c","settings":{"gap":"no","background_background":"classic","background_color":"#FFFFFF","eae_slider_delay":"5000","gradient_color_list":[{"eae_animated_gradient_color":"#00a6d8","_id":"c33008c"},{"eae_animated_gradient_color":"#b800c9","_id":"c022f12"},{"eae_animated_gradient_color":"#e57600","_id":"f04b0de"}],"padding":{"unit":"px","top":"10","right":"50","bottom":"0","left":"50","isLinked":false},"padding_mobile":{"unit":"px","top":"12","right":"15","bottom":"0","left":"15","isLinked":false}},"elements":[{"id":"73c5bd29","settings":{"_column_size":100,"_inline_size":null,"_inline_size_tablet":100,"eae_slider_delay":"5000","gradient_color_list":[{"eae_animated_gradient_color":"#00a6d8","_id":"aee5d1e"},{"eae_animated_gradient_color":"#b800c9","_id":"f966b28"},{"eae_animated_gradient_color":"#e57600","_id":"072a2ca"}],"css_classes":"ss-coment-block"},"elements":[{"id":"15b30266","settings":{"image":{"id":853,"url":"https:\/\/produtosfinch.com\/wp-content\/uploads\/2021\/11\/8.jpg"},"align":"center","width":{"unit":"%","size":55,"sizes":[]},"width_mobile":{"unit":"%","size":40,"sizes":[]},"_element_width":"auto","_element_width_tablet":"auto","_element_width_mobile":"auto"},"elements":[],"isInner":false,"widgetType":"image","elType":"widget"},{"id":"1cb2a0d0","settings":{"editor":"<p><strong><span style=\"color: #365899;\">Maria Carolina disse:\u200b<\/span><\/strong><\/p><p>Brigada meninas, vou tentar\u00a0<img class=\"emoji\" role=\"img\" draggable=\"false\" src=\"https:\/\/s.w.org\/images\/core\/emoji\/13.0.0\/svg\/1f642.svg\" alt=\"\ud83d\ude42\" \/><\/p>","text_color":"#5C5C5C","typography_typography":"custom","typography_font_family":"Roboto","typography_font_size":{"unit":"px","size":14,"sizes":[]},"typography_font_weight":"400","_margin":{"unit":"px","top":"0","right":"0","bottom":"0","left":"-10","isLinked":false},"_element_width":"initial","_element_width_tablet":"initial","_element_width_mobile":"initial","_element_custom_width":{"unit":"%","size":85,"sizes":[]},"_element_custom_width_tablet":{"unit":"%","size":84},"_element_custom_width_mobile":{"unit":"%","size":65,"sizes":[]}},"elements":[],"isInner":false,"widgetType":"text-editor","elType":"widget"},{"id":"647d176","settings":{"editor":"<p>Responder \u00b7 Curtir \u00b7 Seguir \u00b7 1 min<\/p>","text_color":"#7A7A7A","_margin":{"unit":"px","top":"0","right":"0","bottom":"0","left":"22","isLinked":false},"_margin_mobile":{"unit":"px","top":"8","right":"0","bottom":"0","left":"30","isLinked":false},"typography_typography":"custom","typography_font_family":"Roboto","typography_font_size":{"unit":"px","size":10,"sizes":[]},"typography_font_weight":"400"},"elements":[],"isInner":false,"widgetType":"text-editor","elType":"widget"}],"isInner":true,"elType":"column"}],"isInner":true,"elType":"section"},{"id":"16285068","settings":{"gap":"no","background_background":"classic","background_color":"#FFFFFF","eae_slider_delay":"5000","gradient_color_list":[{"eae_animated_gradient_color":"#00a6d8","_id":"c33008c"},{"eae_animated_gradient_color":"#b800c9","_id":"c022f12"},{"eae_animated_gradient_color":"#e57600","_id":"f04b0de"}],"padding":{"unit":"px","top":"10","right":"25","bottom":"0","left":"25","isLinked":false},"padding_mobile":{"unit":"px","top":"12","right":"0","bottom":"0","left":"0","isLinked":false}},"elements":[{"id":"78320e74","settings":{"_column_size":100,"_inline_size":null,"_inline_size_tablet":100,"eae_slider_delay":"5000","gradient_color_list":[{"eae_animated_gradient_color":"#00a6d8","_id":"aee5d1e"},{"eae_animated_gradient_color":"#b800c9","_id":"f966b28"},{"eae_animated_gradient_color":"#e57600","_id":"072a2ca"}],"margin":{"unit":"px","top":"0","right":"25","bottom":"0","left":"25","isLinked":false},"css_classes":"ss-coment-block"},"elements":[{"id":"30a8fd42","settings":{"image":{"id":856,"url":"https:\/\/produtosfinch.com\/wp-content\/uploads\/2021\/11\/11-1.jpg"},"align":"center","_element_width":"auto","_element_width_tablet":"auto","_element_width_mobile":"auto"},"elements":[],"isInner":false,"widgetType":"image","elType":"widget"},{"id":"1bad762d","settings":{"editor":"<p><strong><span style=\"color: #365899;\">Helena disse:\u200b<\/span><\/strong><\/p><p>O cara que estava afim estava morando em outra cidade, e adivinha? Estou arrumando as malas pra ficar com ele pq ele quase ficou de joelhos insistindo por isso!!! Amando!!! Obrigada pelo Guia\u00a0<img class=\"emoji\" role=\"img\" draggable=\"false\" src=\"https:\/\/s.w.org\/images\/core\/emoji\/13.0.0\/svg\/1f600.svg\" alt=\"\ud83d\ude00\" \/><\/p>","text_color":"#5C5C5C","typography_typography":"custom","typography_font_family":"Roboto","typography_font_size":{"unit":"px","size":14,"sizes":[]},"typography_font_weight":"400","_margin":{"unit":"px","top":"0","right":"0","bottom":"0","left":"10","isLinked":false},"_element_width":"initial","_element_width_tablet":"initial","_element_width_mobile":"initial","_element_custom_width":{"unit":"%","size":85,"sizes":[]},"_element_custom_width_tablet":{"unit":"%","size":84},"_element_custom_width_mobile":{"unit":"%","size":65,"sizes":[]}},"elements":[],"isInner":false,"widgetType":"text-editor","elType":"widget"},{"id":"11166c0a","settings":{"editor":"<p>Responder \u00b7 Curtir \u00b7 Seguir \u00b7 11 min<\/p>","text_color":"#7A7A7A","_margin":{"unit":"px","top":"0","right":"0","bottom":"0","left":"0","isLinked":false},"typography_typography":"custom","typography_font_family":"Roboto","typography_font_size":{"unit":"px","size":10,"sizes":[]},"typography_font_weight":"400"},"elements":[],"isInner":false,"widgetType":"text-editor","elType":"widget"}],"isInner":true,"elType":"column"}],"isInner":true,"elType":"section"},{"id":"5009036b","settings":{"gap":"no","background_background":"classic","background_color":"#FFFFFF","eae_slider_delay":"5000","gradient_color_list":[{"eae_animated_gradient_color":"#00a6d8","_id":"c33008c"},{"eae_animated_gradient_color":"#b800c9","_id":"c022f12"},{"eae_animated_gradient_color":"#e57600","_id":"f04b0de"}],"padding":{"unit":"px","top":"10","right":"25","bottom":"0","left":"25","isLinked":false},"padding_mobile":{"unit":"px","top":"12","right":"0","bottom":"0","left":"0","isLinked":false}},"elements":[{"id":"4b1b4b9c","settings":{"_column_size":100,"_inline_size":null,"_inline_size_tablet":100,"eae_slider_delay":"5000","gradient_color_list":[{"eae_animated_gradient_color":"#00a6d8","_id":"aee5d1e"},{"eae_animated_gradient_color":"#b800c9","_id":"f966b28"},{"eae_animated_gradient_color":"#e57600","_id":"072a2ca"}],"margin":{"unit":"px","top":"0","right":"25","bottom":"0","left":"25","isLinked":false},"css_classes":"ss-coment-block"},"elements":[{"id":"302be9b7","settings":{"image":{"id":857,"url":"https:\/\/produtosfinch.com\/wp-content\/uploads\/2021\/11\/12.jpg"},"align":"center","_element_width":"auto","_element_width_tablet":"auto","_element_width_mobile":"auto"},"elements":[],"isInner":false,"widgetType":"image","elType":"widget"},{"id":"263482a6","settings":{"editor":"<p><strong><span style=\"color: #365899;\">Michele disse:\u200b<\/span><\/strong><\/p><p>Gente eu achava que era mentira, mas tudo dando certo\u2026. eu me sentia muito pra baixo, mal amada. Cheguei ao ponto de ir numa consulta gr\u00e1tis de psicologa na minha universidade... Por anos eu fiquei sem ningu\u00e9m, n\u00e3o conseguia chamar a aten\u00e7\u00e3o de nenhuma pessoa que me interessava... Com esse guia, consegui o imposs\u00edvel! Eu n\u00e3o to acreditando.<\/p>","text_color":"#5C5C5C","typography_typography":"custom","typography_font_family":"Roboto","typography_font_size":{"unit":"px","size":14,"sizes":[]},"typography_font_weight":"400","_margin":{"unit":"px","top":"0","right":"0","bottom":"0","left":"10","isLinked":false},"_element_width":"initial","_element_width_tablet":"initial","_element_width_mobile":"initial","_element_custom_width":{"unit":"%","size":85,"sizes":[]},"_element_custom_width_tablet":{"unit":"%","size":84},"_element_custom_width_mobile":{"unit":"%","size":65,"sizes":[]}},"elements":[],"isInner":false,"widgetType":"text-editor","elType":"widget"},{"id":"68bbec76","settings":{"editor":"<p>Responder \u00b7 Curtir \u00b7 Seguir \u00b7 8 min<\/p>","text_color":"#7A7A7A","_margin":{"unit":"px","top":"0","right":"0","bottom":"0","left":"0","isLinked":false},"typography_typography":"custom","typography_font_family":"Roboto","typography_font_size":{"unit":"px","size":10,"sizes":[]},"typography_font_weight":"400"},"elements":[],"isInner":false,"widgetType":"text-editor","elType":"widget"}],"isInner":true,"elType":"column"}],"isInner":true,"elType":"section"},{"id":"36f91c69","settings":{"gap":"no","background_background":"classic","background_color":"#FFFFFF","eae_slider_delay":"5000","gradient_color_list":[{"eae_animated_gradient_color":"#00a6d8","_id":"c33008c"},{"eae_animated_gradient_color":"#b800c9","_id":"c022f12"},{"eae_animated_gradient_color":"#e57600","_id":"f04b0de"}],"padding":{"unit":"px","top":"10","right":"25","bottom":"0","left":"25","isLinked":false},"padding_mobile":{"unit":"px","top":"12","right":"0","bottom":"0","left":"0","isLinked":false}},"elements":[{"id":"247eb70","settings":{"_column_size":100,"_inline_size":null,"_inline_size_tablet":100,"eae_slider_delay":"5000","gradient_color_list":[{"eae_animated_gradient_color":"#00a6d8","_id":"aee5d1e"},{"eae_animated_gradient_color":"#b800c9","_id":"f966b28"},{"eae_animated_gradient_color":"#e57600","_id":"072a2ca"}],"margin":{"unit":"px","top":"0","right":"25","bottom":"0","left":"25","isLinked":false},"css_classes":"ss-coment-block"},"elements":[{"id":"358b99","settings":{"image":{"id":858,"url":"https:\/\/produtosfinch.com\/wp-content\/uploads\/2021\/11\/13.jpg"},"align":"center","_element_width":"auto","_element_width_tablet":"auto","_element_width_mobile":"auto"},"elements":[],"isInner":false,"widgetType":"image","elType":"widget"},{"id":"845b305","settings":{"editor":"<p><strong><span style=\"color: #365899;\">Juliana disse:\u200b<\/span><\/strong><\/p><p>Pra mim essa hist\u00f3ria de horm\u00f4nio de amor sempre foi papo furado, mais nosssa\u2026 se soubesse disso antes a gente nem tinha terminado!<\/p>","text_color":"#5C5C5C","typography_typography":"custom","typography_font_family":"Roboto","typography_font_size":{"unit":"px","size":14,"sizes":[]},"typography_font_weight":"400","_margin":{"unit":"px","top":"0","right":"0","bottom":"0","left":"10","isLinked":false},"_element_width":"initial","_element_width_tablet":"initial","_element_width_mobile":"initial","_element_custom_width":{"unit":"%","size":85,"sizes":[]},"_element_custom_width_tablet":{"unit":"%","size":84},"_element_custom_width_mobile":{"unit":"%","size":65,"sizes":[]}},"elements":[],"isInner":false,"widgetType":"text-editor","elType":"widget"},{"id":"119b58ec","settings":{"editor":"<p>Responder \u00b7 Curtir \u00b7 Seguir \u00b7 9 min<\/p>","text_color":"#7A7A7A","_margin":{"unit":"px","top":"0","right":"0","bottom":"0","left":"0","isLinked":false},"typography_typography":"custom","typography_font_family":"Roboto","typography_font_size":{"unit":"px","size":10,"sizes":[]},"typography_font_weight":"400"},"elements":[],"isInner":false,"widgetType":"text-editor","elType":"widget"}],"isInner":true,"elType":"column"}],"isInner":true,"elType":"section"},{"id":"75411ecc","settings":{"gap":"no","background_background":"classic","background_color":"#FFFFFF","eae_slider_delay":"5000","gradient_color_list":[{"eae_animated_gradient_color":"#00a6d8","_id":"c33008c"},{"eae_animated_gradient_color":"#b800c9","_id":"c022f12"},{"eae_animated_gradient_color":"#e57600","_id":"f04b0de"}],"padding":{"unit":"px","top":"10","right":"25","bottom":"0","left":"25","isLinked":false},"padding_mobile":{"unit":"px","top":"12","right":"0","bottom":"0","left":"0","isLinked":false}},"elements":[{"id":"6ca939f1","settings":{"_column_size":100,"_inline_size":null,"_inline_size_tablet":100,"eae_slider_delay":"5000","gradient_color_list":[{"eae_animated_gradient_color":"#00a6d8","_id":"aee5d1e"},{"eae_animated_gradient_color":"#b800c9","_id":"f966b28"},{"eae_animated_gradient_color":"#e57600","_id":"072a2ca"}],"css_classes":"ss-coment-block"},"elements":[{"id":"6ca902f1","settings":{"image":{"id":859,"url":"https:\/\/produtosfinch.com\/wp-content\/uploads\/2021\/11\/15.jpg"},"align":"center","width":{"unit":"%","size":55,"sizes":[]},"_element_width":"auto","_element_width_tablet":"auto","_element_width_mobile":"auto"},"elements":[],"isInner":false,"widgetType":"image","elType":"widget"},{"id":"2741f70e","settings":{"editor":"<p><strong><span style=\"color: #365899;\">J\u00e9ssika disse:\u200b<\/span><\/strong><\/p><p>Gente eu tenho medo de gastar dinheiro e n\u00e3o dar certo\u00a0<img class=\"emoji\" role=\"img\" draggable=\"false\" src=\"https:\/\/s.w.org\/images\/core\/emoji\/13.0.0\/svg\/1f641.svg\" alt=\"\ud83d\ude41\" \/><\/p>","text_color":"#5C5C5C","typography_typography":"custom","typography_font_family":"Roboto","typography_font_size":{"unit":"px","size":14,"sizes":[]},"typography_font_weight":"400","_margin":{"unit":"px","top":"0","right":"0","bottom":"0","left":"-10","isLinked":false},"_element_width":"initial","_element_width_tablet":"initial","_element_width_mobile":"initial","_element_custom_width":{"unit":"%","size":85,"sizes":[]},"_element_custom_width_tablet":{"unit":"%","size":84},"_element_custom_width_mobile":{"unit":"%","size":65,"sizes":[]}},"elements":[],"isInner":false,"widgetType":"text-editor","elType":"widget"},{"id":"2f294c25","settings":{"editor":"<p>Responder \u00b7 Curtir \u00b7 Seguir \u00b7 17 min<\/p>","text_color":"#7A7A7A","_margin":{"unit":"px","top":"0","right":"0","bottom":"0","left":"22","isLinked":false},"typography_typography":"custom","typography_font_family":"Roboto","typography_font_size":{"unit":"px","size":10,"sizes":[]},"typography_font_weight":"400"},"elements":[],"isInner":false,"widgetType":"text-editor","elType":"widget"}],"isInner":true,"elType":"column"}],"isInner":true,"elType":"section"},{"id":"8ccc515","settings":{"gap":"no","background_background":"classic","background_color":"#FFFFFF","eae_slider_delay":"5000","gradient_color_list":[{"eae_animated_gradient_color":"#00a6d8","_id":"c33008c"},{"eae_animated_gradient_color":"#b800c9","_id":"c022f12"},{"eae_animated_gradient_color":"#e57600","_id":"f04b0de"}],"padding":{"unit":"px","top":"10","right":"50","bottom":"0","left":"50","isLinked":false},"padding_mobile":{"unit":"px","top":"12","right":"15","bottom":"0","left":"15","isLinked":false}},"elements":[{"id":"12452a61","settings":{"_column_size":100,"_inline_size":null,"_inline_size_tablet":100,"eae_slider_delay":"5000","gradient_color_list":[{"eae_animated_gradient_color":"#00a6d8","_id":"aee5d1e"},{"eae_animated_gradient_color":"#b800c9","_id":"f966b28"},{"eae_animated_gradient_color":"#e57600","_id":"072a2ca"}],"css_classes":"ss-coment-block"},"elements":[{"id":"5ed86ccd","settings":{"image":{"id":860,"url":"https:\/\/produtosfinch.com\/wp-content\/uploads\/2021\/11\/16.jpg"},"align":"center","width":{"unit":"%","size":55,"sizes":[]},"width_mobile":{"unit":"%","size":40,"sizes":[]},"_element_width":"auto","_element_width_tablet":"auto","_element_width_mobile":"auto"},"elements":[],"isInner":false,"widgetType":"image","elType":"widget"},{"id":"f6655b4","settings":{"editor":"<p><strong><span style=\"color: #365899;\">Giovanna disse:\u200b<\/span><\/strong><\/p><p>Eu pensava a mesma coisa, mas compraria 10 vezes depois que vi que funciona\u00a0<img class=\"emoji\" role=\"img\" draggable=\"false\" src=\"https:\/\/s.w.org\/images\/core\/emoji\/13.0.0\/svg\/1f642.svg\" alt=\"\ud83d\ude42\" \/>\u00a0Bora ser feliz flor! A gente merece depois que luta tanto\u200b<\/p>","text_color":"#5C5C5C","typography_typography":"custom","typography_font_family":"Roboto","typography_font_size":{"unit":"px","size":14,"sizes":[]},"typography_font_weight":"400","_margin":{"unit":"px","top":"0","right":"0","bottom":"0","left":"-10","isLinked":false},"_element_width":"initial","_element_width_tablet":"initial","_element_width_mobile":"initial","_element_custom_width":{"unit":"%","size":85,"sizes":[]},"_element_custom_width_tablet":{"unit":"%","size":84},"_element_custom_width_mobile":{"unit":"%","size":65,"sizes":[]}},"elements":[],"isInner":false,"widgetType":"text-editor","elType":"widget"},{"id":"6c725997","settings":{"editor":"<p>Responder \u00b7 Curtir \u00b7 Seguir \u00b7 9 min<\/p>","text_color":"#7A7A7A","_margin":{"unit":"px","top":"0","right":"0","bottom":"0","left":"22","isLinked":false},"_margin_mobile":{"unit":"px","top":"8","right":"0","bottom":"0","left":"30","isLinked":false},"typography_typography":"custom","typography_font_family":"Roboto","typography_font_size":{"unit":"px","size":10,"sizes":[]},"typography_font_weight":"400"},"elements":[],"isInner":false,"widgetType":"text-editor","elType":"widget"}],"isInner":true,"elType":"column"}],"isInner":true,"elType":"section"},{"id":"4d4f2300","settings":{"gap":"no","background_background":"classic","background_color":"#FFFFFF","eae_slider_delay":"5000","gradient_color_list":[{"eae_animated_gradient_color":"#00a6d8","_id":"c33008c"},{"eae_animated_gradient_color":"#b800c9","_id":"c022f12"},{"eae_animated_gradient_color":"#e57600","_id":"f04b0de"}],"padding":{"unit":"px","top":"10","right":"50","bottom":"0","left":"50","isLinked":false},"padding_mobile":{"unit":"px","top":"12","right":"15","bottom":"0","left":"15","isLinked":false}},"elements":[{"id":"5cdfb2de","settings":{"_column_size":100,"_inline_size":null,"_inline_size_tablet":100,"eae_slider_delay":"5000","gradient_color_list":[{"eae_animated_gradient_color":"#00a6d8","_id":"aee5d1e"},{"eae_animated_gradient_color":"#b800c9","_id":"f966b28"},{"eae_animated_gradient_color":"#e57600","_id":"072a2ca"}],"css_classes":"ss-coment-block"},"elements":[{"id":"57742182","settings":{"image":{"id":861,"url":"https:\/\/produtosfinch.com\/wp-content\/uploads\/2021\/11\/17.jpg"},"align":"center","width":{"unit":"%","size":55,"sizes":[]},"width_mobile":{"unit":"%","size":40,"sizes":[]},"_element_width":"auto","_element_width_tablet":"auto","_element_width_mobile":"auto"},"elements":[],"isInner":false,"widgetType":"image","elType":"widget"},{"id":"263696f7","settings":{"editor":"<p><strong><span style=\"color: #365899;\">Bruna disse:\u200b<\/span><\/strong><\/p><p>Funciona sim flor! Pode acreditar. Meu ex nem falava comigo e tinha me bloquiado no zap\u2026 agora quem fica no meu p\u00e9 \u00e9 ele.<\/p>","text_color":"#5C5C5C","typography_typography":"custom","typography_font_family":"Roboto","typography_font_size":{"unit":"px","size":14,"sizes":[]},"typography_font_weight":"400","_margin":{"unit":"px","top":"0","right":"0","bottom":"0","left":"-10","isLinked":false},"_element_width":"initial","_element_width_tablet":"initial","_element_width_mobile":"initial","_element_custom_width":{"unit":"%","size":85,"sizes":[]},"_element_custom_width_tablet":{"unit":"%","size":84},"_element_custom_width_mobile":{"unit":"%","size":65,"sizes":[]}},"elements":[],"isInner":false,"widgetType":"text-editor","elType":"widget"},{"id":"7262f844","settings":{"editor":"<p>Responder \u00b7 Curtir \u00b7 Seguir \u00b7 4 min<\/p>","text_color":"#7A7A7A","_margin":{"unit":"px","top":"0","right":"0","bottom":"0","left":"22","isLinked":false},"_margin_mobile":{"unit":"px","top":"8","right":"0","bottom":"0","left":"30","isLinked":false},"typography_typography":"custom","typography_font_family":"Roboto","typography_font_size":{"unit":"px","size":10,"sizes":[]},"typography_font_weight":"400"},"elements":[],"isInner":false,"widgetType":"text-editor","elType":"widget"}],"isInner":true,"elType":"column"}],"isInner":true,"elType":"section"},{"id":"51f025c3","settings":{"gap":"no","background_background":"classic","background_color":"#FFFFFF","eae_slider_delay":"5000","gradient_color_list":[{"eae_animated_gradient_color":"#00a6d8","_id":"c33008c"},{"eae_animated_gradient_color":"#b800c9","_id":"c022f12"},{"eae_animated_gradient_color":"#e57600","_id":"f04b0de"}],"padding":{"unit":"px","top":"10","right":"25","bottom":"0","left":"25","isLinked":false},"padding_mobile":{"unit":"px","top":"12","right":"0","bottom":"0","left":"0","isLinked":false}},"elements":[{"id":"86caa4b","settings":{"_column_size":100,"_inline_size":null,"_inline_size_tablet":100,"eae_slider_delay":"5000","gradient_color_list":[{"eae_animated_gradient_color":"#00a6d8","_id":"aee5d1e"},{"eae_animated_gradient_color":"#b800c9","_id":"f966b28"},{"eae_animated_gradient_color":"#e57600","_id":"072a2ca"}],"css_classes":"ss-coment-block"},"elements":[{"id":"582ebd8f","settings":{"image":{"id":862,"url":"https:\/\/produtosfinch.com\/wp-content\/uploads\/2021\/11\/18.jpg"},"align":"center","width":{"unit":"%","size":55,"sizes":[]},"_element_width":"auto","_element_width_tablet":"auto","_element_width_mobile":"auto"},"elements":[],"isInner":false,"widgetType":"image","elType":"widget"},{"id":"1c0649cd","settings":{"editor":"<p><strong><span style=\"color: #365899;\">Claudia disse:\u200b<\/span><\/strong><\/p><p>A vida da minha fam\u00edlia agora \u00e9 outra!!! Brigada\u00a0<img class=\"emoji\" role=\"img\" draggable=\"false\" src=\"https:\/\/s.w.org\/images\/core\/emoji\/13.0.0\/svg\/1f642.svg\" alt=\"\ud83d\ude42\" \/><\/p>","text_color":"#5C5C5C","typography_typography":"custom","typography_font_family":"Roboto","typography_font_size":{"unit":"px","size":14,"sizes":[]},"typography_font_weight":"400","_margin":{"unit":"px","top":"0","right":"0","bottom":"0","left":"-10","isLinked":false},"_element_width":"initial","_element_width_tablet":"initial","_element_width_mobile":"initial","_element_custom_width":{"unit":"%","size":85,"sizes":[]},"_element_custom_width_tablet":{"unit":"%","size":84},"_element_custom_width_mobile":{"unit":"%","size":65,"sizes":[]}},"elements":[],"isInner":false,"widgetType":"text-editor","elType":"widget"},{"id":"653509c3","settings":{"editor":"<p>Responder \u00b7 Curtir \u00b7 Seguir \u00b7 6 min<\/p>","text_color":"#7A7A7A","_margin":{"unit":"px","top":"0","right":"0","bottom":"0","left":"22","isLinked":false},"typography_typography":"custom","typography_font_family":"Roboto","typography_font_size":{"unit":"px","size":10,"sizes":[]},"typography_font_weight":"400"},"elements":[],"isInner":false,"widgetType":"text-editor","elType":"widget"}],"isInner":true,"elType":"column"}],"isInner":true,"elType":"section"},{"id":"77c34497","settings":{"gap":"no","background_background":"classic","background_color":"#FFFFFF","eae_slider_delay":"5000","gradient_color_list":[{"eae_animated_gradient_color":"#00a6d8","_id":"c33008c"},{"eae_animated_gradient_color":"#b800c9","_id":"c022f12"},{"eae_animated_gradient_color":"#e57600","_id":"f04b0de"}],"padding":{"unit":"px","top":"10","right":"25","bottom":"0","left":"25","isLinked":false},"padding_mobile":{"unit":"px","top":"12","right":"0","bottom":"0","left":"0","isLinked":false}},"elements":[{"id":"7e3ba99f","settings":{"_column_size":100,"_inline_size":null,"_inline_size_tablet":100,"eae_slider_delay":"5000","gradient_color_list":[{"eae_animated_gradient_color":"#00a6d8","_id":"aee5d1e"},{"eae_animated_gradient_color":"#b800c9","_id":"f966b28"},{"eae_animated_gradient_color":"#e57600","_id":"072a2ca"}],"css_classes":"ss-coment-block"},"elements":[{"id":"220c6265","settings":{"image":{"id":863,"url":"https:\/\/produtosfinch.com\/wp-content\/uploads\/2021\/11\/19.jpg"},"align":"center","width":{"unit":"%","size":55,"sizes":[]},"_element_width":"auto","_element_width_tablet":"auto","_element_width_mobile":"auto"},"elements":[],"isInner":false,"widgetType":"image","elType":"widget"},{"id":"34ebcf2d","settings":{"editor":"<p><strong><span style=\"color: #365899;\">Adriana disse:\u200b<\/span><\/strong><\/p><p>Henrique vc ta vendendo muito barato! @joycelima esse aqui que te falei que funcionou pra mim. Pode comprar!<\/p>","text_color":"#5C5C5C","typography_typography":"custom","typography_font_family":"Roboto","typography_font_size":{"unit":"px","size":14,"sizes":[]},"typography_font_weight":"400","_margin":{"unit":"px","top":"0","right":"0","bottom":"0","left":"-10","isLinked":false},"_element_width":"initial","_element_width_tablet":"initial","_element_width_mobile":"initial","_element_custom_width":{"unit":"%","size":85,"sizes":[]},"_element_custom_width_tablet":{"unit":"%","size":84},"_element_custom_width_mobile":{"unit":"%","size":65,"sizes":[]}},"elements":[],"isInner":false,"widgetType":"text-editor","elType":"widget"},{"id":"4b0a7664","settings":{"editor":"<p>Responder \u00b7 Curtir \u00b7 Seguir \u00b7 5 min<\/p>","text_color":"#7A7A7A","_margin":{"unit":"px","top":"0","right":"0","bottom":"0","left":"22","isLinked":false},"typography_typography":"custom","typography_font_family":"Roboto","typography_font_size":{"unit":"px","size":10,"sizes":[]},"typography_font_weight":"400"},"elements":[],"isInner":false,"widgetType":"text-editor","elType":"widget"}],"isInner":true,"elType":"column"}],"isInner":true,"elType":"section"},{"id":"57622f6a","settings":{"gap":"no","background_background":"classic","background_color":"#FFFFFF","eae_slider_delay":"5000","gradient_color_list":[{"eae_animated_gradient_color":"#00a6d8","_id":"c33008c"},{"eae_animated_gradient_color":"#b800c9","_id":"c022f12"},{"eae_animated_gradient_color":"#e57600","_id":"f04b0de"}],"padding":{"unit":"px","top":"10","right":"25","bottom":"0","left":"25","isLinked":false},"padding_mobile":{"unit":"px","top":"12","right":"0","bottom":"0","left":"0","isLinked":false}},"elements":[{"id":"508e9781","settings":{"_column_size":100,"_inline_size":null,"_inline_size_tablet":100,"eae_slider_delay":"5000","gradient_color_list":[{"eae_animated_gradient_color":"#00a6d8","_id":"aee5d1e"},{"eae_animated_gradient_color":"#b800c9","_id":"f966b28"},{"eae_animated_gradient_color":"#e57600","_id":"072a2ca"}],"css_classes":"ss-coment-block"},"elements":[{"id":"4aa06450","settings":{"image":{"id":864,"url":"https:\/\/produtosfinch.com\/wp-content\/uploads\/2021\/11\/20.jpg"},"align":"center","width":{"unit":"%","size":55,"sizes":[]},"_element_width":"auto","_element_width_tablet":"auto","_element_width_mobile":"auto"},"elements":[],"isInner":false,"widgetType":"image","elType":"widget"},{"id":"ecb3e99","settings":{"editor":"<p><strong><span style=\"color: #365899;\">Aline disse:\u200b<\/span><\/strong><\/p><p>Acabei de receber a liga\u00e7\u00e3o do boyyyy!!!! Ahhhh n\u00e3o acredito ta funcionando!!!<\/p>","text_color":"#5C5C5C","typography_typography":"custom","typography_font_family":"Roboto","typography_font_size":{"unit":"px","size":14,"sizes":[]},"typography_font_weight":"400","_margin":{"unit":"px","top":"0","right":"0","bottom":"0","left":"-10","isLinked":false},"_element_width":"initial","_element_width_tablet":"initial","_element_width_mobile":"initial","_element_custom_width":{"unit":"%","size":85,"sizes":[]},"_element_custom_width_tablet":{"unit":"%","size":84},"_element_custom_width_mobile":{"unit":"%","size":65,"sizes":[]}},"elements":[],"isInner":false,"widgetType":"text-editor","elType":"widget"},{"id":"112d29dc","settings":{"editor":"<p>Responder \u00b7 Curtir \u00b7 Seguir \u00b7 8 min<\/p>","text_color":"#7A7A7A","_margin":{"unit":"px","top":"0","right":"0","bottom":"0","left":"22","isLinked":false},"typography_typography":"custom","typography_font_family":"Roboto","typography_font_size":{"unit":"px","size":10,"sizes":[]},"typography_font_weight":"400"},"elements":[],"isInner":false,"widgetType":"text-editor","elType":"widget"}],"isInner":true,"elType":"column"}],"isInner":true,"elType":"section"},{"id":"2cabf5a1","settings":{"gap":"no","background_background":"classic","background_color":"#FFFFFF","eae_slider_delay":"5000","gradient_color_list":[{"eae_animated_gradient_color":"#00a6d8","_id":"c33008c"},{"eae_animated_gradient_color":"#b800c9","_id":"c022f12"},{"eae_animated_gradient_color":"#e57600","_id":"f04b0de"}],"margin":{"unit":"px","top":"0","right":0,"bottom":"0","left":0,"isLinked":false},"padding":{"unit":"px","top":"10","right":"25","bottom":"0","left":"25","isLinked":false},"padding_mobile":{"unit":"px","top":"12","right":"0","bottom":"0","left":"0","isLinked":false}},"elements":[{"id":"452c9f8a","settings":{"_column_size":100,"_inline_size":null,"_inline_size_tablet":100,"eae_slider_delay":"5000","gradient_color_list":[{"eae_animated_gradient_color":"#00a6d8","_id":"aee5d1e"},{"eae_animated_gradient_color":"#b800c9","_id":"f966b28"},{"eae_animated_gradient_color":"#e57600","_id":"072a2ca"}],"css_classes":"ss-coment-block"},"elements":[{"id":"e743d14","settings":{"image":{"id":865,"url":"https:\/\/produtosfinch.com\/wp-content\/uploads\/2021\/11\/21-1.jpg"},"align":"center","width":{"unit":"%","size":55,"sizes":[]},"_element_width":"auto","_element_width_tablet":"auto","_element_width_mobile":"auto"},"elements":[],"isInner":false,"widgetType":"image","elType":"widget"},{"id":"74a25da7","settings":{"editor":"<p><strong><span style=\"color: #365899;\">Stefanny disse:\u200b<\/span><\/strong><\/p><p>Comprei o guia e est\u00e1 funcionando!!! Vamos sair amanh\u00e3 \ud83d\ude09 vou colocar as outras li\u00e7\u00f5es em pr\u00e1tica \ud83d\ude00<\/p>","text_color":"#5C5C5C","typography_typography":"custom","typography_font_family":"Roboto","typography_font_size":{"unit":"px","size":14,"sizes":[]},"typography_font_weight":"400","_margin":{"unit":"px","top":"0","right":"0","bottom":"0","left":"-10","isLinked":false},"_element_width":"initial","_element_width_tablet":"initial","_element_width_mobile":"initial","_element_custom_width":{"unit":"%","size":85,"sizes":[]},"_element_custom_width_tablet":{"unit":"%","size":84},"_element_custom_width_mobile":{"unit":"%","size":65,"sizes":[]}},"elements":[],"isInner":false,"widgetType":"text-editor","elType":"widget"},{"id":"5caa4839","settings":{"editor":"<p>Responder \u00b7 Curtir \u00b7 Seguir \u00b7 5 min<\/p>","text_color":"#7A7A7A","_margin":{"unit":"px","top":"0","right":"0","bottom":"0","left":"022","isLinked":false},"typography_typography":"custom","typography_font_family":"Roboto","typography_font_size":{"unit":"px","size":10,"sizes":[]},"typography_font_weight":"400"},"elements":[],"isInner":false,"widgetType":"text-editor","elType":"widget"}],"isInner":true,"elType":"column"}],"isInner":true,"elType":"section"},{"id":"37e44a01","settings":{"gap":"no","background_background":"classic","background_color":"#FFFFFF","eae_slider_delay":"5000","gradient_color_list":[{"eae_animated_gradient_color":"#00a6d8","_id":"c33008c"},{"eae_animated_gradient_color":"#b800c9","_id":"c022f12"},{"eae_animated_gradient_color":"#e57600","_id":"f04b0de"}],"padding":{"unit":"px","top":"10","right":"50","bottom":"0","left":"50","isLinked":false},"padding_mobile":{"unit":"px","top":"12","right":"15","bottom":"0","left":"15","isLinked":false}},"elements":[{"id":"5f8f51b9","settings":{"_column_size":100,"_inline_size":null,"_inline_size_tablet":100,"eae_slider_delay":"5000","gradient_color_list":[{"eae_animated_gradient_color":"#00a6d8","_id":"aee5d1e"},{"eae_animated_gradient_color":"#b800c9","_id":"f966b28"},{"eae_animated_gradient_color":"#e57600","_id":"072a2ca"}],"css_classes":"ss-coment-block"},"elements":[{"id":"58cce239","settings":{"image":{"id":866,"url":"https:\/\/produtosfinch.com\/wp-content\/uploads\/2021\/11\/22.jpg"},"align":"center","width":{"unit":"%","size":55,"sizes":[]},"width_mobile":{"unit":"%","size":40,"sizes":[]},"_element_width":"auto","_element_width_tablet":"auto","_element_width_mobile":"auto"},"elements":[],"isInner":false,"widgetType":"image","elType":"widget"},{"id":"59ef18e6","settings":{"editor":"<p><strong><span style=\"color: #365899;\">Gisele disse:\u200b<\/span><\/strong><\/p><p>Funciona msmo?<\/p>","text_color":"#5C5C5C","typography_typography":"custom","typography_font_family":"Roboto","typography_font_size":{"unit":"px","size":14,"sizes":[]},"typography_font_weight":"400","_margin":{"unit":"px","top":"0","right":"0","bottom":"0","left":"-10","isLinked":false},"_element_width":"initial","_element_width_tablet":"initial","_element_width_mobile":"initial","_element_custom_width":{"unit":"%","size":85,"sizes":[]},"_element_custom_width_tablet":{"unit":"%","size":84},"_element_custom_width_mobile":{"unit":"%","size":65,"sizes":[]}},"elements":[],"isInner":false,"widgetType":"text-editor","elType":"widget"},{"id":"13bc4731","settings":{"editor":"<p>Responder \u00b7 Curtir \u00b7 Seguir \u00b7 2 min<\/p>","text_color":"#7A7A7A","_margin":{"unit":"px","top":"0","right":"0","bottom":"0","left":"22","isLinked":false},"_margin_mobile":{"unit":"px","top":"8","right":"0","bottom":"0","left":"30","isLinked":false},"typography_typography":"custom","typography_font_family":"Roboto","typography_font_size":{"unit":"px","size":10,"sizes":[]},"typography_font_weight":"400"},"elements":[],"isInner":false,"widgetType":"text-editor","elType":"widget"}],"isInner":true,"elType":"column"}],"isInner":true,"elType":"section"},{"id":"526a16fc","settings":{"gap":"no","background_background":"classic","background_color":"#FFFFFF","eae_slider_delay":"5000","gradient_color_list":[{"eae_animated_gradient_color":"#00a6d8","_id":"c33008c"},{"eae_animated_gradient_color":"#b800c9","_id":"c022f12"},{"eae_animated_gradient_color":"#e57600","_id":"f04b0de"}],"padding":{"unit":"px","top":"10","right":"50","bottom":"0","left":"50","isLinked":false},"padding_mobile":{"unit":"px","top":"12","right":"15","bottom":"0","left":"15","isLinked":false}},"elements":[{"id":"1510e143","settings":{"_column_size":100,"_inline_size":null,"_inline_size_tablet":100,"eae_slider_delay":"5000","gradient_color_list":[{"eae_animated_gradient_color":"#00a6d8","_id":"aee5d1e"},{"eae_animated_gradient_color":"#b800c9","_id":"f966b28"},{"eae_animated_gradient_color":"#e57600","_id":"072a2ca"}],"css_classes":"ss-coment-block"},"elements":[{"id":"35e0fdd8","settings":{"image":{"id":865,"url":"https:\/\/produtosfinch.com\/wp-content\/uploads\/2021\/11\/21-1.jpg"},"align":"center","width":{"unit":"%","size":55,"sizes":[]},"width_mobile":{"unit":"%","size":40,"sizes":[]},"_element_width":"auto","_element_width_tablet":"auto","_element_width_mobile":"auto"},"elements":[],"isInner":false,"widgetType":"image","elType":"widget"},{"id":"679980a1","settings":{"editor":"<p><strong><span style=\"color: #365899;\">Stefanny disse:\u200b<\/span><\/strong><\/p><p>Eu fiz td q ele ensina desde que comprei e foi direitinho que nem ele fala no livro. quem me ligo foi meu ex e n eu.<\/p>","text_color":"#5C5C5C","typography_typography":"custom","typography_font_family":"Roboto","typography_font_size":{"unit":"px","size":14,"sizes":[]},"typography_font_weight":"400","_margin":{"unit":"px","top":"0","right":"0","bottom":"0","left":"-10","isLinked":false},"_element_width":"initial","_element_width_tablet":"initial","_element_width_mobile":"initial","_element_custom_width":{"unit":"%","size":85,"sizes":[]},"_element_custom_width_tablet":{"unit":"%","size":84},"_element_custom_width_mobile":{"unit":"%","size":65,"sizes":[]}},"elements":[],"isInner":false,"widgetType":"text-editor","elType":"widget"},{"id":"6006807e","settings":{"editor":"<p>Responder \u00b7 Curtir \u00b7 Seguir \u00b7 1 min<\/p>","text_color":"#7A7A7A","_margin":{"unit":"px","top":"0","right":"0","bottom":"0","left":"22","isLinked":false},"_margin_mobile":{"unit":"px","top":"8","right":"0","bottom":"0","left":"30","isLinked":false},"typography_typography":"custom","typography_font_family":"Roboto","typography_font_size":{"unit":"px","size":10,"sizes":[]},"typography_font_weight":"400"},"elements":[],"isInner":false,"widgetType":"text-editor","elType":"widget"}],"isInner":true,"elType":"column"}],"isInner":true,"elType":"section"},{"id":"611b2f69","settings":{"background_background":"classic","background_color":"#FFFFFF","eae_slider_delay":"5000","gradient_color_list":[{"eae_animated_gradient_color":"#00a6d8","_id":"6ee8b9e"},{"eae_animated_gradient_color":"#b800c9","_id":"602ce45"},{"eae_animated_gradient_color":"#e57600","_id":"c426959"}],"border_radius":{"unit":"px","top":"0","right":"0","bottom":"15","left":"15","isLinked":false},"margin":{"unit":"px","top":"0","right":0,"bottom":"0","left":0,"isLinked":false},"padding":{"unit":"px","top":"0","right":"25","bottom":"15","left":"25","isLinked":false}},"elements":[{"id":"677b44ce","settings":{"_column_size":100,"_inline_size":null,"eae_slider_delay":"5000","gradient_color_list":[{"eae_animated_gradient_color":"#00a6d8","_id":"f57c9b4"},{"eae_animated_gradient_color":"#b800c9","_id":"e6ee284"},{"eae_animated_gradient_color":"#e57600","_id":"5b4bb00"}]},"elements":[{"id":"157d71b8","settings":{"text":"Divis\u00f3ria","color":"#CFCFCF","gap":{"unit":"px","size":2,"sizes":[]},"_margin":{"unit":"px","top":"00","right":"0","bottom":"0","left":"0","isLinked":false},"_padding":{"unit":"px","top":"0","right":"0","bottom":"0","left":"0","isLinked":false}},"elements":[],"isInner":false,"widgetType":"divider","elType":"widget"},{"id":"39a95cfe","settings":{"image":{"id":867,"url":"https:\/\/produtosfinch.com\/wp-content\/uploads\/2021\/11\/face-icon.png"},"align":"left","width":{"unit":"%","size":13,"sizes":[]},"image_border_radius":{"unit":"px","top":"2","right":"2","bottom":"2","left":"2","isLinked":true},"_margin":{"unit":"px","top":"-14","right":"0","bottom":"0","left":"0","isLinked":false},"_element_width":"auto"},"elements":[],"isInner":false,"widgetType":"image","elType":"widget"},{"id":"798b11e3","settings":{"editor":"<p>Plug-in social do Facebook<\/p>","text_color":"#7A7A7A","typography_typography":"custom","typography_font_family":"Roboto","typography_font_size":{"unit":"px","size":12,"sizes":[]},"typography_font_weight":"400","_margin":{"unit":"px","top":"-13","right":"0","bottom":"0","left":"-100","isLinked":false},"_margin_mobile":{"unit":"px","top":"-13","right":"0","bottom":"0","left":"-100","isLinked":false},"_element_width":"initial","_element_width_mobile":"initial","_element_custom_width":{"unit":"%","size":80,"sizes":[]},"_element_custom_width_mobile":{"unit":"%","size":45,"sizes":[]},"_element_vertical_align_mobile":"flex-start"},"elements":[],"isInner":false,"widgetType":"text-editor","elType":"widget"}],"isInner":true,"elType":"column"}],"isInner":true,"elType":"section"},{"id":"5d9e3be7","settings":{"eae_slider_delay":"5000","gradient_color_list":[{"eae_animated_gradient_color":"#00a6d8","_id":"bf1bcc4"},{"eae_animated_gradient_color":"#b800c9","_id":"d5cd42f"},{"eae_animated_gradient_color":"#e57600","_id":"f2d6e93"}],"margin":{"unit":"px","top":"50","right":0,"bottom":"0","left":0,"isLinked":false},"padding":{"unit":"px","top":"0","right":"0","bottom":"0","left":"0","isLinked":true},"css_classes":"hide"},"elements":[{"id":"5815ff85","settings":{"_column_size":100,"_inline_size":null,"align":"center","eae_slider_delay":"5000","gradient_color_list":[{"eae_animated_gradient_color":"#00a6d8","_id":"e965b4d"},{"eae_animated_gradient_color":"#b800c9","_id":"a4fd0e0"},{"eae_animated_gradient_color":"#e57600","_id":"811fab9"}]},"elements":[{"id":"1da59ac3","settings":{"text":"Quero acesso a Sedu\u00e7\u00e3o Secreta                         Agora","align":"center","size":"md","typography_typography":"custom","typography_font_family":"Open Sans","typography_font_size":{"unit":"px","size":15,"sizes":[]},"typography_font_size_mobile":{"unit":"px","size":12,"sizes":[]},"typography_font_weight":"700","typography_text_transform":"uppercase","typography_line_height_mobile":{"unit":"em","size":1.3,"sizes":[]},"typography_letter_spacing":{"unit":"px","size":0.80000000000000004,"sizes":[]},"background_color":"#FF007F","hover_animation":"grow","border_radius":{"unit":"px","top":"50","right":"50","bottom":"50","left":"50","isLinked":true},"text_padding":{"unit":"px","top":"22","right":"50","bottom":"20","left":"50","isLinked":false},"text_padding_mobile":{"unit":"px","top":"18","right":"16","bottom":"16","left":"16","isLinked":false},"_margin":{"unit":"px","top":"45","right":"0","bottom":"0","left":"0","isLinked":false},"_padding":{"unit":"px","top":"0","right":"0","bottom":"0","left":"0","isLinked":true},"link":{"url":"","is_external":"","nofollow":"","custom_attributes":""}},"elements":[],"isInner":false,"widgetType":"button","elType":"widget"},{"id":"2a427e26","settings":{"image":{"id":841,"url":"https:\/\/produtosfinch.com\/wp-content\/uploads\/2021\/11\/mastercard-1.png"},"width":{"unit":"%","size":70,"sizes":[]},"_margin":{"unit":"px","top":"0","right":"5","bottom":"0","left":"5","isLinked":false},"_padding":{"unit":"px","top":"5","right":"12","bottom":"5","left":"12","isLinked":false},"_padding_mobile":{"unit":"px","top":"4","right":"8","bottom":"4","left":"8","isLinked":false},"_background_background":"classic","_background_color":"#FFFFFF","_border_radius":{"unit":"px","top":"5","right":"5","bottom":"5","left":"5","isLinked":true},"_element_width":"auto"},"elements":[],"isInner":false,"widgetType":"image","elType":"widget"},{"id":"5ad5b398","settings":{"image":{"id":842,"url":"https:\/\/produtosfinch.com\/wp-content\/uploads\/2021\/11\/paypal-1.png"},"align":"center","width":{"unit":"%","size":80,"sizes":[]},"_margin":{"unit":"px","top":"0","right":"5","bottom":"0","left":"5","isLinked":false},"_padding":{"unit":"px","top":"5","right":"2","bottom":"5","left":"2","isLinked":false},"_padding_mobile":{"unit":"px","top":"4","right":"0","bottom":"4","left":"0","isLinked":false},"_background_background":"classic","_background_color":"#FFFFFF","_border_radius":{"unit":"px","top":"5","right":"5","bottom":"5","left":"5","isLinked":true},"_element_width":"auto"},"elements":[],"isInner":false,"widgetType":"image","elType":"widget"},{"id":"5548deed","settings":{"image":{"id":843,"url":"https:\/\/produtosfinch.com\/wp-content\/uploads\/2021\/11\/visa-1.png"},"align":"center","width":{"unit":"%","size":75,"sizes":[]},"_margin":{"unit":"px","top":"0","right":"5","bottom":"0","left":"5","isLinked":false},"_padding":{"unit":"px","top":"5","right":"5","bottom":"5","left":"5","isLinked":true},"_padding_mobile":{"unit":"px","top":"4","right":"2","bottom":"4","left":"2","isLinked":false},"_background_background":"classic","_background_color":"#FFFFFF","_border_radius":{"unit":"px","top":"5","right":"5","bottom":"5","left":"5","isLinked":true},"_element_width":"auto"},"elements":[],"isInner":false,"widgetType":"image","elType":"widget"},{"id":"ae00405","settings":{"image":{"id":844,"url":"https:\/\/produtosfinch.com\/wp-content\/uploads\/2021\/11\/american-1.png"},"align":"center","width":{"unit":"%","size":85,"sizes":[]},"_margin":{"unit":"px","top":"0","right":"5","bottom":"0","left":"5","isLinked":false},"_padding":{"unit":"px","top":"5","right":"5","bottom":"5","left":"5","isLinked":false},"_padding_mobile":{"unit":"px","top":"4","right":"2","bottom":"4","left":"2","isLinked":false},"_background_background":"classic","_background_color":"#FFFFFF","_border_radius":{"unit":"px","top":"5","right":"5","bottom":"5","left":"5","isLinked":true},"_element_width":"auto"},"elements":[],"isInner":false,"widgetType":"image","elType":"widget"}],"isInner":true,"elType":"column"}],"isInner":true,"elType":"section"}],"isInner":false,"elType":"column"}],"isInner":false,"elType":"section"},{"id":"15cda55c","settings":{"background_background":"classic","background_color":"#070A18","eae_slider_delay":"5000","gradient_color_list":[{"eae_animated_gradient_color":"#00a6d8","_id":"3fa3e74"},{"eae_animated_gradient_color":"#b800c9","_id":"967a1b9"},{"eae_animated_gradient_color":"#e57600","_id":"d09252f"}],"padding":{"unit":"px","top":"15","right":"0","bottom":"0","left":"0","isLinked":false},"margin":{"unit":"px","top":"0","right":0,"bottom":"0","left":0,"isLinked":true},"box_shadow_box_shadow_type":"yes","box_shadow_box_shadow":{"horizontal":0,"vertical":-6,"blur":12,"spread":0,"color":"rgba(0,0,0,0.5)"}},"elements":[{"id":"6029074a","settings":{"_column_size":100,"_inline_size":null,"eae_slider_delay":"5000","gradient_color_list":[{"eae_animated_gradient_color":"#00a6d8","_id":"131cffd"},{"eae_animated_gradient_color":"#b800c9","_id":"baef18a"},{"eae_animated_gradient_color":"#e57600","_id":"08f3ef4"}]},"elements":[{"id":"5287c8fe","settings":{"structure":"20","eae_slider_delay":"5000","gradient_color_list":[{"eae_animated_gradient_color":"#00a6d8","_id":"d582353"},{"eae_animated_gradient_color":"#b800c9","_id":"85aee3a"},{"eae_animated_gradient_color":"#e57600","_id":"48e2763"}],"margin":{"unit":"px","top":"0","right":0,"bottom":"0","left":0,"isLinked":false},"padding":{"unit":"px","top":"0","right":"0","bottom":"0","left":"0","isLinked":true},"css_classes":"hide"},"elements":[{"id":"56ff06fb","settings":{"_column_size":50,"_inline_size":null,"eae_slider_delay":"5000","gradient_color_list":[{"eae_animated_gradient_color":"#00a6d8","_id":"d2c63fa"},{"eae_animated_gradient_color":"#b800c9","_id":"2459b0d"},{"eae_animated_gradient_color":"#e57600","_id":"7aab611"}]},"elements":[{"id":"24a4b69a","settings":{"title":"PIRATARIA \u00c9 <span style=\" color: #FF007F; font-weight: bold; \">CRIME<\/span>","align_mobile":"center","title_color":"#FFFFFF","typography_typography":"custom","typography_font_family":"Roboto Condensed","typography_font_size":{"unit":"px","size":16,"sizes":[]},"typography_font_weight":"300","typography_text_transform":"uppercase","typography_letter_spacing":{"unit":"px","size":5.4000000000000004,"sizes":[]},"_margin":{"unit":"px","top":"0","right":"0","bottom":"0","left":"0","isLinked":true},"_padding":{"unit":"px","top":"0","right":"0","bottom":"0","left":"0","isLinked":true}},"elements":[],"isInner":false,"widgetType":"heading","elType":"widget"},{"id":"3cc78f25","settings":{"editor":"<p>A venda do Sedu\u00e7\u00e3o Secreta s\u00f3 pode ser realizada atrav\u00e9s deste site, registrado em nome de INFOMAKERS EMPREENDIMENTOS - EIRELI. Qualquer outro site onde voc\u00ea encontre este programa \u00e9 uma FALSIFICA\u00c7\u00c3O e vai contra as leis. Evite falsifica\u00e7\u00f5es e recuse conte\u00fados ilegais ou pirateados. N\u00c3O adquira programas parecidos e que n\u00e3o s\u00e3o baseados em anos de estudo da psicologia comportamental. N\u00e3o nos responsabilizamos por compras realizadas em outros sites.<\/p>","align_mobile":"center","text_color":"#FFFFFF","typography_typography":"custom","typography_font_family":"Roboto","typography_font_size":{"unit":"px","size":11,"sizes":[]},"typography_font_weight":"300","typography_letter_spacing":{"unit":"px","size":0.5,"sizes":[]},"_margin":{"unit":"px","top":"-12","right":"0","bottom":"0","left":"0","isLinked":false},"align":"justify"},"elements":[],"isInner":false,"widgetType":"text-editor","elType":"widget"}],"isInner":true,"elType":"column"},{"id":"25420b24","settings":{"_column_size":50,"_inline_size":null,"eae_slider_delay":"5000","gradient_color_list":[{"eae_animated_gradient_color":"#00a6d8","_id":"d0cda99"},{"eae_animated_gradient_color":"#b800c9","_id":"de84532"},{"eae_animated_gradient_color":"#e57600","_id":"c381a19"}]},"elements":[{"id":"70c307dc","settings":{"image":{"id":868,"url":"https:\/\/produtosfinch.com\/wp-content\/uploads\/2021\/11\/logo-ss-1.png"},"width":{"unit":"%","size":26,"sizes":[]},"width_mobile":{"unit":"%","size":40,"sizes":[]},"_margin_mobile":{"unit":"px","top":"10","right":"0","bottom":"0","left":"0","isLinked":false}},"elements":[],"isInner":false,"widgetType":"image","elType":"widget"},{"id":"384aae87","settings":{"editor":"<p>Copyright 2020 -\u00a0<span style=\"font-size: inherit; text-align: inherit;\">Todos os direitos reservados.<\/span><\/p>","align":"center","text_color":"#FFFFFF","typography_typography":"custom","typography_font_family":"Roboto","typography_font_size":{"unit":"px","size":11,"sizes":[]},"typography_font_weight":"300","typography_letter_spacing":{"unit":"px","size":0.5,"sizes":[]},"_margin":{"unit":"px","top":"0","right":"0","bottom":"0","left":"0","isLinked":false}},"elements":[],"isInner":false,"widgetType":"text-editor","elType":"widget"}],"isInner":true,"elType":"column"}],"isInner":true,"elType":"section"},{"id":"7d160f49","settings":{"editor":"<p><span style=\"color: #808080;\"><a style=\"color: #808080;\" href=\"\/termos-de-uso\" target=\"_blank\" rel=\"noopener\">Termos de Uso<\/a>\u00a0\u00a0\u00a0\u00a0\u00a0\u00a0\u00a0\u00a0\u00a0\u00a0\u00a0<a style=\"color: #808080;\" href=\"\/politicas-de-privacidade\" target=\"_blank\" rel=\"noopener\">Pol\u00edticas de Privacidade<\/a><\/span><\/p>","align":"center","text_color":"#A8A8A8","typography_typography":"custom","typography_font_family":"Roboto","typography_font_size":{"unit":"px","size":11,"sizes":[]},"typography_font_weight":"300","typography_letter_spacing":{"unit":"px","size":0.5,"sizes":[]},"_margin":{"unit":"px","top":"20","right":"0","bottom":"0","left":"0","isLinked":false}},"elements":[],"isInner":false,"widgetType":"text-editor","elType":"widget"}],"isInner":false,"elType":"column"}],"isInner":false,"elType":"section"}],"page_settings":{"eael_ext_toc_title":"Table of Contents","eael_custom_js":"\n                $('.dsb-btn').prop('disabled', true);\n                $(\".mask-cel-ddd\").mask(\"(00) 00000-0000\");\n\n                $(\"#form-novamente\").on('click', function () {\n                    $(\".modal-enviado\").hide();\n                    $(\".modal-enviando\").hide();\n                    $(\".box-espera\").hide();\n                    $(\".modal-formulario\").show();\n                });\n\n                $(\"#enviaWhats\").on('click', function () {\n                    $(\".modal-formulario\").hide();\n                    $(\".box-espera\").show();\n                    $(\".modal-enviando\").show();\n\n                    var timeleft = 4;\n                    var downloadTimer = setInterval(function () {\n                        document.getElementById(\"countdown\").innerHTML = timeleft;\n\n                        timeleft -= 1;\n\n                        if (timeleft === 0) {\n                            document.getElementById(\"segundos\").innerHTML = 'segundo';\n                        }\n\n                        if (timeleft <= -1) {\n                            $(\".modal-enviando\").hide();\n                            $(\".modal-enviado\").show();\n                        }\n                    }, 1000);\n                });\n\n            var iframe = document.querySelector('iframe');\n            var player = new Vimeo.Player(iframe);\n\n            player.on('timeupdate', function (data) {\n                if (data.seconds >= 5.000) {\n                    alert('Ok');\n                    var iframe = $('.vimeo-iframe').get(0);\n                    var player = new Vimeo.Player(iframe);\n                    player.pause();\n                    $(\"#modalFormulario\").modal('show');\n                }\n            });\n            \n            \n"},"version":"0.4","title":"SS_SD_2021","type":"page"}