{"content":[{"id":"6b1cd2e7","settings":{"background_background":"classic","background_color":"#0A031D","margin":{"unit":"px","top":"0","right":0,"bottom":"0","left":0,"isLinked":false},"padding":{"unit":"px","top":"30","right":"0","bottom":"70","left":"0","isLinked":false},"padding_mobile":{"unit":"px","top":"30","right":"30","bottom":"60","left":"30","isLinked":false}},"elements":[{"id":"5d711c4f","settings":{"_column_size":100,"_inline_size":null},"elements":[{"id":"bac5633","settings":{"image":{"id":875,"url":"https:\/\/produtosfinch.com\/wp-content\/uploads\/2021\/11\/logo.png"},"image_size":"full","width":{"unit":"px","size":196,"sizes":[]}},"elements":[],"isInner":false,"widgetType":"image","elType":"widget"},{"id":"22ad753e","settings":{"title":"TERMOS DE USO","align":"center","title_color":"#FFFFFF","typography_typography":"custom","typography_font_family":"Roboto","typography_font_size":{"unit":"px","size":42,"sizes":[]},"typography_font_size_mobile":{"unit":"px","size":26,"sizes":[]},"typography_font_weight":"900","typography_letter_spacing":{"unit":"px","size":1.5,"sizes":[]},"_margin":{"unit":"px","top":"15","right":"0","bottom":"0","left":"0","isLinked":false}},"elements":[],"isInner":false,"widgetType":"heading","elType":"widget"},{"id":"3009879e","settings":{"editor":"<p>Seus Direitos e Termos para uso das informa\u00e7\u00f5es est\u00e3o detalhados aqui<\/p>","align":"center","text_color":"#FFFFFF","typography_typography":"custom","typography_font_family":"Roboto","typography_font_size":{"unit":"px","size":18,"sizes":[]},"typography_font_size_mobile":{"unit":"px","size":16,"sizes":[]},"typography_font_weight":"400"},"elements":[],"isInner":false,"widgetType":"text-editor","elType":"widget"}],"isInner":false,"elType":"column"}],"isInner":false,"elType":"section"},{"id":"1ae84cf0","settings":{"content_width":{"unit":"px","size":800,"sizes":[]},"background_background":"classic","background_color":"#0E0529","margin":{"unit":"px","top":"0","right":0,"bottom":"0","left":0,"isLinked":false},"padding":{"unit":"px","top":"0","right":"0","bottom":"100","left":"0","isLinked":false},"padding_mobile":{"unit":"px","top":"0","right":"30","bottom":"30","left":"30","isLinked":false}},"elements":[{"id":"efb25b0","settings":{"_column_size":100,"_inline_size":null,"background_background":"classic","background_color":"#FFFFFF","border_radius":{"unit":"px","top":"5","right":"5","bottom":"5","left":"5","isLinked":true},"margin":{"unit":"px","top":"-45","right":"0","bottom":"0","left":"0","isLinked":false},"padding":{"unit":"px","top":"30","right":"40","bottom":"30","left":"40","isLinked":false},"padding_mobile":{"unit":"px","top":"20","right":"20","bottom":"20","left":"20","isLinked":true}},"elements":[{"id":"32de53e3","settings":{"editor":"<p>A equipe do Sedu\u00e7\u00e3o Secreta site criou essa Termo de uso a fim de demonstrar o nosso firme comprometimento sobre como voc\u00ea pode utilizar todas as informa\u00e7\u00f5es deste Site.<\/p><p><strong>Termos de Uso<\/strong><br \/>O acesso a este site representa a aceita\u00e7\u00e3o expressa e irrestrita dos termos de uso abaixo descritos. Se voc\u00ea n\u00e3o concorda com os termos, por favor, n\u00e3o acesse nem utilize este website.<\/p><p>O acesso a este site representa a aceita\u00e7\u00e3o expressa e irrestrita dos termos de uso abaixo descritos. Se voc\u00ea n\u00e3o concorda com os termos, por favor, n\u00e3o acesse nem utilize este website.<\/p><p>O visitante poder\u00e1 usar este site apenas para finalidades l\u00edcitas. Este espa\u00e7o n\u00e3o poder\u00e1 ser utilizado para para publicar, enviar, distribuir ou divulgar conte\u00fados ou informa\u00e7\u00e3o de car\u00e1ter difamat\u00f3rio, obsceno ou il\u00edcito, inclusive informa\u00e7\u00f5es de propriedade exclusiva pertencentes a outras pessoas ou empresas, bem como marcas registradas ou informa\u00e7\u00f5es protegidas por direitos autorais, sem a expressa autoriza\u00e7\u00e3o do detentor desses direitos. Ainda, o visitante n\u00e3o poder\u00e1 usar este site para obter ou divulgar informa\u00e7\u00f5es pessoais, inclusive endere\u00e7os na Internet, sobre os usu\u00e1rios do site.<\/p><p>A equipe deste site empenha-se em manter a qualidade, atualidade e autenticidade das informa\u00e7\u00f5es do site, mas seus criadores e colaboradores n\u00e3o se responsabilizam por eventuais falhas nos servi\u00e7os ou inexatid\u00e3o das informa\u00e7\u00f5es oferecidas.<\/p><p>O usu\u00e1rio n\u00e3o deve ter como pressuposto que tais servi\u00e7os e informa\u00e7\u00f5es s\u00e3o isentos de erros ou ser\u00e3o adequados aos seus objetivos particulares. Os criadores e colaboradores tampouco assumem o compromisso de atualizar as informa\u00e7\u00f5es, e reservam-se o direito de alterar as condi\u00e7\u00f5es de uso ou pre\u00e7os dos servi\u00e7os e produtos oferecidos no site a qualquer momento.<\/p><p>O acesso a este site \u00e9 gratuito. Este site poder\u00e1 criar \u00e1reas de acesso exclusivo aos seus clientes ou para terceiros especialmente autorizados.<\/p><p>Os criadores e colaboradores deste site poder\u00e3o a seu exclusivo crit\u00e9rio e em qualquer tempo, modificar ou desativar o site, bem como limitar, cancelar ou suspender seu uso ou o acesso. Tamb\u00e9m estes Termos de Uso poder\u00e3o ser alterados a qualquer tempo. Visite regularmente esta p\u00e1gina e consulte os Termos ent\u00e3o vigentes. Algumas disposi\u00e7\u00f5es destes Termos podem ser substitu\u00eddas por termos ou avisos legais expressos localizados em determinadas p\u00e1ginas deste site.<\/p><p><strong>Informa\u00e7\u00f5es enviadas pelos usu\u00e1rios e colaboradores<\/strong><br \/>Qualquer material, informa\u00e7\u00e3o, artigos ou outras comunica\u00e7\u00f5es que forem transmitidas, enviadas ou publicadas neste site ser\u00e3o considerados informa\u00e7\u00e3o n\u00e3o confidencial, e qualquer viola\u00e7\u00e3o aos direitos dos seus criadores n\u00e3o ser\u00e1 de responsabilidade da equipe deste site. \u00c9 terminantemente proibido transmitir, trocar ou publicar, atrav\u00e9s deste website, qualquer material de cunho obsceno, difamat\u00f3rio ou ilegal, bem como textos ou cria\u00e7\u00f5es de terceiros sem a autoriza\u00e7\u00e3o do autor. A equipe deste site reserva-se o direito de restringir o acesso \u00e0s informa\u00e7\u00f5es enviadas por terceiros aos seus usu\u00e1rios.<\/p><p>Este site poder\u00e1, mas n\u00e3o \u00e9 obrigado, a monitorar, revistar e restringir o acesso a qualquer \u00e1rea no site onde usu\u00e1rios transmitem e trocam informa\u00e7\u00f5es entre si, incluindo, mas n\u00e3o limitado a, salas de chat, centro de mensagens ou outros f\u00f3runs de debates, podendo retirar do ar ou retirar o acesso a qualquer destas informa\u00e7\u00f5es ou comunica\u00e7\u00f5es. Por\u00e9m, a equipe deste site n\u00e3o \u00e9 respons\u00e1vel pelo conte\u00fado de qualquer uma das informa\u00e7\u00f5es trocadas entre os usu\u00e1rios, sejam elas l\u00edcitas ou il\u00edcitas.<\/p><p><strong>Limita\u00e7\u00e3o da Responsabilidade<\/strong><br \/>\u200b\u200bOs materiais s\u00e3o fornecidos neste website sem nenhuma garantia expl\u00edcita ou impl\u00edcita de comercializa\u00e7\u00e3o ou adequa\u00e7\u00e3o a qualquer objetivo espec\u00edfico. Em nenhum caso este site ou os seus colaboradores ser\u00e3o responsabilizados por quaisquer danos, incluindo lucros cessantes, interrup\u00e7\u00e3o de neg\u00f3cio, ou perda de informa\u00e7\u00e3o que resultem do uso ou da incapacidade de usar os materiais. A equipe deste site n\u00e3o garante a precis\u00e3o ou integridade das informa\u00e7\u00f5es, textos, gr\u00e1ficos, links e outros itens dos materiais.<\/p><p>A equipe deste site n\u00e3o \u00e9 respons\u00e1vel pela viola\u00e7\u00e3o de direitos autorais decorrente de informa\u00e7\u00f5es, documentos e materiais publicados neste website, comprometendo-se a retir\u00e1-los do ar assim que notificado da infra\u00e7\u00e3o.<\/p><p><strong>\u200bErros e falhas<\/strong><br \/>Os documentos, informa\u00e7\u00f5es, imagens e gr\u00e1ficos publicados neste site podem conter imprecis\u00f5es t\u00e9cnicas ou erros tipogr\u00e1ficos. Em nenhuma hip\u00f3tese a equipe deste site e\/ou seus respectivos fornecedores ser\u00e3o respons\u00e1veis por qualquer dano direto ou indireto decorrente da impossibilidade de uso, perda de dados ou lucros, resultante do acesso e desempenho do site, dos servi\u00e7os oferecidos ou de informa\u00e7\u00f5es dispon\u00edveis neste site. O acesso aos servi\u00e7os, materiais, informa\u00e7\u00f5es e facilidades contidas neste website n\u00e3o garante a sua qualidade.<\/p><p><strong>Links para sites de terceiros<\/strong><br \/>Os sites apontados n\u00e3o est\u00e3o sob o controle deste site que n\u00e3o \u00e9 respons\u00e1vel pelo conte\u00fado de qualquer outro website indicado ou acessado por meio deste site reserva-se o direito de eliminar qualquer link ou direcionamento a outros sites ou servi\u00e7os a qualquer momento. Este site n\u00e3o endossa firmas ou produtos indicados, acessados ou divulgados atrav\u00e9s deste website, tampouco pelos an\u00fancios aqui publicados, reservando-se o direito de publicar este alerta em suas p\u00e1ginas eletr\u00f4nicas sempre que considerar necess\u00e1rio.<\/p><p><strong>Direitos autorais e propriedade intelectual<\/strong><br \/>Os documentos, conte\u00fados e cria\u00e7\u00f5es contidos neste website pertencem aos seus criadores e colaboradores. A autoria dos conte\u00fado, material e imagens exibidos no diabetescontrolada.com.br \u00e9 protegida por leis nacionais e internacionais. N\u00e3o podem ser copiados, reproduzidos, modificados, publicados, atualizados, postados, transmitidos ou distribu\u00eddos de qualquer maneira sem autoriza\u00e7\u00e3o pr\u00e9via e por escrito do propriet\u00e1rios desse site.<\/p><p>As imagens contidas neste website s\u00e3o aqui incorporadas apenas para fins de visualiza\u00e7\u00e3o, e, salvo autoriza\u00e7\u00e3o expressa por escrito, n\u00e3o podem ser gravadas ou baixadas via download. A reprodu\u00e7\u00e3o ou armazenamento de materiais recuperados a partir deste servi\u00e7o sujeitar\u00e1 os infratores \u00e0s penas da lei.<\/p><p>O nome deste site, seu logotipo, o nome de dom\u00ednio para acesso na Internet, bem como todos os elementos caracter\u00edsticos da tecnologia desenvolvida e aqui apresentada, sob a forma da articula\u00e7\u00e3o de bases de dados, constituem marcas registradas e propriedades intelectuais privadas e todos os direitos decorrentes de seu registro s\u00e3o assegurados por lei. Alguns direitos de uso podem ser cedidos pelo propriet\u00e1rios do site, em contrato ou licen\u00e7a especial, que pode ser cancelada a qualquer momento se n\u00e3o cumpridos os seus termos.<\/p><p>As marcas registradas deste site s\u00f3 podem ser usadas publicamente com autoriza\u00e7\u00e3o expressa. O uso destas marcas registradas em publicidade e promo\u00e7\u00e3o de produtos deve ser adequadamente informado.<\/p><p><strong>Reclama\u00e7\u00f5es sobre viola\u00e7\u00e3o de direitos autorais<\/strong><br \/>A equipe deste site respeita a propriedade intelectual de outras pessoas ou empresas e solicitamos aos nossos membros que fa\u00e7am o mesmo. Toda e qualquer viola\u00e7\u00e3o de direitos autorais dever\u00e1 ser notificada ao contato@atracaosecreta.com e acompanhada dos documentos e informa\u00e7\u00f5es que confirmam a autoria.<\/p>","align":"left","text_color":"#3A3939","typography_typography":"custom","typography_font_family":"Roboto","typography_font_size":{"unit":"px","size":20,"sizes":[]},"typography_font_size_mobile":{"unit":"px","size":16,"sizes":[]},"typography_font_weight":"300","typography_letter_spacing":{"unit":"px","size":0.20000000000000001,"sizes":[]}},"elements":[],"isInner":false,"widgetType":"text-editor","elType":"widget"}],"isInner":false,"elType":"column"}],"isInner":false,"elType":"section"}],"page_settings":{"eael_ext_toc_title":"Table of Contents"},"version":"0.4","title":"SS_TERMOS_2021","type":"page"}